Unnamed: 0,KIN_ACC,KINASE,SUB_ACC,POSITION,CODE,PEPTIDE,KIN_ORGANISM,SOURCE,Family,Group,Integrated_names,group_family,organism,organismID,entry_name
0,P48730,KC1D,P51532,35,S,LGPSPGPSPGSAHSM,HUMAN,PSP,CK1,CK1,CK1_CK1_CK1D,CK1_CK1,Homo sapiens (Human),9606.0,KC1D_HUMAN
1,P48730,KC1D,P51532,31,S,PGAMLGPSPGPSPGS,HUMAN,PSP,CK1,CK1,CK1_CK1_CK1D,CK1_CK1,Homo sapiens (Human),9606.0,KC1D_HUMAN
2,P48730,KC1D,Q9BZL6,244,S,SSSSSSASSYTGRPI,HUMAN,PSP,CK1,CK1,CK1_CK1_CK1D,CK1_CK1,Homo sapiens (Human),9606.0,KC1D_HUMAN
3,P48730,KC1D,Q02880-2,1130,S,HDDSSSDSGTPSGPD,HUMAN,PSP,CK1,CK1,CK1_CK1_CK1D,CK1_CK1,Homo sapiens (Human),9606.0,KC1D_HUMAN
4,P48730,KC1D,Q02248,47,S,TTTAPSLSGKGNPEE,HUMAN,PSP,CK1,CK1,CK1_CK1_CK1D,CK1_CK1,Homo sapiens (Human),9606.0,KC1D_HUMAN
5,P48730,KC1D,P10636-8,404,S,PVVSGDTSPRHLSNV,HOMO SAPIENS,GPS,CK1,CK1,CK1_CK1_CSNK1D,CK1_CK1,Homo sapiens (Human),9606.0,KC1D_HUMAN
6,P48730,KC1D,P23804,240,S,CLDQDSVSDQFSVEF,HOMO SAPIENS,GPS,CK1,CK1,CK1_CK1_CSNK1D,CK1_CK1,Homo sapiens (Human),9606.0,KC1D_HUMAN
7,P48730,KC1D,Q13148,393,S,GSASNAGSGSGFNGG,HOMO SAPIENS,GPS,CK1,CK1,CK1_CK1_CSNK1D,CK1_CK1,Homo sapiens (Human),9606.0,KC1D_HUMAN
8,P48730,KC1D,Q99814,528,T,FNELDLETLAPYIPM,HOMO SAPIENS,GPS,CK1,CK1,CK1_CK1_CSNK1D,CK1_CK1,Homo sapiens (Human),9606.0,KC1D_HUMAN
9,P48730,KC1D,Q13148,292,S,NQGGFGNSRGGGAGL,HOMO SAPIENS,GPS,CK1,CK1,CK1_CK1_CSNK1D,CK1_CK1,Homo sapiens (Human),9606.0,KC1D_HUMAN
10,P48730,KC1D,Q13148,403,S,GFNGGFGSSMDSKSS,HOMO SAPIENS,GPS,CK1,CK1,CK1_CK1_CSNK1D,CK1_CK1,Homo sapiens (Human),9606.0,KC1D_HUMAN
11,P48730,KC1D,Q00987,262,S,DSEDYSLSEEGQELS,HOMO SAPIENS,GPS,CK1,CK1,CK1_CK1_CSNK1D,CK1_CK1,Homo sapiens (Human),9606.0,KC1D_HUMAN
12,P48730,KC1D,Q00987,118,S,NQQESSDSGTSVSEN,HOMO SAPIENS,GPS,CK1,CK1,CK1_CK1_CSNK1D,CK1_CK1,Homo sapiens (Human),9606.0,KC1D_HUMAN
13,P48730,KC1D,P56817,498,S,DDFADDISLLK****,HOMO SAPIENS,GPS,CK1,CK1,CK1_CK1_CSNK1D,CK1_CK1,Homo sapiens (Human),9606.0,KC1D_HUMAN
14,P48730,KC1D,P23804,238,S,GDCLDQDSVSDQFSV,HOMO SAPIENS,GPS,CK1,CK1,CK1_CK1_CSNK1D,CK1_CK1,Homo sapiens (Human),9606.0,KC1D_HUMAN
15,P48730,KC1D,Q00987,166,S,SSRRRAISETEENSD,HOMO SAPIENS,GPS,CK1,CK1,CK1_CK1_CSNK1D,CK1_CK1,Homo sapiens (Human),9606.0,KC1D_HUMAN
16,P48730,KC1D,Q13148,333,S,AQAALQSSWGMMGML,HOMO SAPIENS,GPS,CK1,CK1,CK1_CK1_CSNK1D,CK1_CK1,Homo sapiens (Human),9606.0,KC1D_HUMAN
17,P48730,KC1D,Q13148,410,S,SSMDSKSSGWGM***,HOMO SAPIENS,GPS,CK1,CK1,CK1_CK1_CSNK1D,CK1_CK1,Homo sapiens (Human),9606.0,KC1D_HUMAN
18,P48730,KC1D,Q60838,595,T,GSRSSGSTRSDGGAG,HOMO SAPIENS,GPS,CK1,CK1,CK1_CK1_CSNK1D,CK1_CK1,Homo sapiens (Human),9606.0,KC1D_HUMAN
19,P48730,KC1D,P04637,18,T,EPPLSQETFSDLWKL,HOMO SAPIENS,GPS,CK1,CK1,CK1_CK1_CSNK1D,CK1_CK1,Homo sapiens (Human),9606.0,KC1D_HUMAN
20,P48730,KC1D,Q16665,247,S,KTFLSRHSLDMKFSY,HOMO SAPIENS,GPS,CK1,CK1,CK1_CK1_CSNK1D,CK1_CK1,Homo sapiens (Human),9606.0,KC1D_HUMAN
21,P48730,KC1D,Q13148,92,S,MDETDASSAVKVKRA,HOMO SAPIENS,GPS,CK1,CK1,CK1_CK1_CSNK1D,CK1_CK1,Homo sapiens (Human),9606.0,KC1D_HUMAN
22,P48730,KC1D,P48985,309,S,MMAQKDLSPSLPGGI,HOMO SAPIENS,GPS,CK1,CK1,CK1_CK1_CSNK1D,CK1_CK1,Homo sapiens (Human),9606.0,KC1D_HUMAN
23,P48730,KC1D,P27707,11,S,PPKRSCPSFSASSEG,HOMO SAPIENS,GPS,CK1,CK1,CK1_CK1_CSNK1D,CK1_CK1,Homo sapiens (Human),9606.0,KC1D_HUMAN
24,P48730,KC1D,Q13148,404,S,FNGGFGSSMDSKSSG,HOMO SAPIENS,GPS,CK1,CK1,CK1_CK1_CSNK1D,CK1_CK1,Homo sapiens (Human),9606.0,KC1D_HUMAN
25,P48730,KC1D,Q00987,365,T,DVPDCKKTIVNDSRE,HOMO SAPIENS,GPS,CK1,CK1,CK1_CK1_CSNK1D,CK1_CK1,Homo sapiens (Human),9606.0,KC1D_HUMAN
26,P48730,KC1D,Q00987,220,S,SESTGTPSNPDLDAG,HOMO SAPIENS,GPS,CK1,CK1,CK1_CK1_CSNK1D,CK1_CK1,Homo sapiens (Human),9606.0,KC1D_HUMAN
27,P48730,KC1D,Q00987,121,S,ESSDSGTSVSENRCH,HOMO SAPIENS,GPS,CK1,CK1,CK1_CK1_CSNK1D,CK1_CK1,Homo sapiens (Human),9606.0,KC1D_HUMAN
28,P48730,KC1D,P48985,345,S,FSPHSHYSDSDEAS*,HOMO SAPIENS,GPS,CK1,CK1,CK1_CK1_CSNK1D,CK1_CK1,Homo sapiens (Human),9606.0,KC1D_HUMAN
29,P48730,KC1D,P48985,339,S,HRSDGEFSPHSHYSD,HOMO SAPIENS,GPS,CK1,CK1,CK1_CK1_CSNK1D,CK1_CK1,Homo sapiens (Human),9606.0,KC1D_HUMAN
30,P48730,KC1D,P02340,12,S,EESQSDISLELPLSQ,HOMO SAPIENS,GPS,CK1,CK1,CK1_CK1_CSNK1D,CK1_CK1,Homo sapiens (Human),9606.0,KC1D_HUMAN
31,P48730,KC1D,P04637,9,S,EEPQSDPSVEPPLSQ,HOMO SAPIENS,GPS,CK1,CK1,CK1_CK1_CSNK1D,CK1_CK1,Homo sapiens (Human),9606.0,KC1D_HUMAN
32,P48730,KC1D,P48985,311,S,AQKDLSPSLPGGILQ,HOMO SAPIENS,GPS,CK1,CK1,CK1_CK1_CSNK1D,CK1_CK1,Homo sapiens (Human),9606.0,KC1D_HUMAN
33,P48730,KC1D,Q00987,269,S,SEEGQELSDEDDEVY,HOMO SAPIENS,GPS,CK1,CK1,CK1_CK1_CSNK1D,CK1_CK1,Homo sapiens (Human),9606.0,KC1D_HUMAN
34,P48730,KC1D,Q00987,383,T,EENDDKITQASQSQE,HOMO SAPIENS,GPS,CK1,CK1,CK1_CK1_CSNK1D,CK1_CK1,Homo sapiens (Human),9606.0,KC1D_HUMAN
35,P48730,KC1D,P02687,109,S,QGKGRGLSLSRFSWG,HOMO SAPIENS,GPS,CK1,CK1,CK1_CK1_CSNK1D,CK1_CK1,Homo sapiens (Human),9606.0,KC1D_HUMAN
36,P48730,KC1D,P25054,1504,S,PDGFSCSSSLSALSL,HOMO SAPIENS,GPS,CK1,CK1,CK1_CK1_CSNK1D,CK1_CK1,Homo sapiens (Human),9606.0,KC1D_HUMAN
37,P48730,KC1D,P46937-2,384,S,SRDESTDSGLSMSSY,HOMO SAPIENS,GPS,CK1,CK1,CK1_CK1_CSNK1D,CK1_CK1,Homo sapiens (Human),9606.0,KC1D_HUMAN
38,P48730,KC1D,G3V7R4,319,S,SSNASTISGRLSPIM,HOMO SAPIENS,GPS,CK1,CK1,CK1_CK1_CSNK1D,CK1_CK1,Homo sapiens (Human),9606.0,KC1D_HUMAN
39,P48730,KC1D,Q13148,305,S,GLGNNQGSNMGGGMN,HOMO SAPIENS,GPS,CK1,CK1,CK1_CK1_CSNK1D,CK1_CK1,Homo sapiens (Human),9606.0,KC1D_HUMAN
40,P48730,KC1D,Q60838,594,S,EGSRSSGSTRSDGGA,HOMO SAPIENS,GPS,CK1,CK1,CK1_CK1_CSNK1D,CK1_CK1,Homo sapiens (Human),9606.0,KC1D_HUMAN
41,P48730,KC1D,Q14511,780,S,RNKVMNSSNQLCEQL,HOMO SAPIENS,GPS,CK1,CK1,CK1_CK1_CSNK1D,CK1_CK1,Homo sapiens (Human),9606.0,KC1D_HUMAN
42,P48730,KC1D,P48985,328,S,QEDNSKTSPRSHRSD,HOMO SAPIENS,GPS,CK1,CK1,CK1_CK1_CSNK1D,CK1_CK1,Homo sapiens (Human),9606.0,KC1D_HUMAN
43,P48730,KC1D,Q00987,342,S,GKDKGEISEKAKLEN,HOMO SAPIENS,GPS,CK1,CK1,CK1_CK1_CSNK1D,CK1_CK1,Homo sapiens (Human),9606.0,KC1D_HUMAN
44,P48730,KC1D,O43312,322,S,SSVSSHDSGFISQDA,HOMO SAPIENS,GPS,CK1,CK1,CK1_CK1_CSNK1D,CK1_CK1,Homo sapiens (Human),9606.0,KC1D_HUMAN
45,P48730,KC1D,Q00987,172,S,ISETEENSDELSGER,HOMO SAPIENS,GPS,CK1,CK1,CK1_CK1_CSNK1D,CK1_CK1,Homo sapiens (Human),9606.0,KC1D_HUMAN
46,P48730,KC1D,Q00987,253,S,SVEFEVESLDSEDYS,HOMO SAPIENS,GPS,CK1,CK1,CK1_CK1_CSNK1D,CK1_CK1,Homo sapiens (Human),9606.0,KC1D_HUMAN
47,P48730,KC1D,O14641,224,T,MSRFSSSTEQSSASR,HOMO SAPIENS,GPS,CK1,CK1,CK1_CK1_CSNK1D,CK1_CK1,Homo sapiens (Human),9606.0,KC1D_HUMAN
48,P48730,KC1D,P27707,15,S,SCPSFSASSEGTRIK,HOMO SAPIENS,GPS,CK1,CK1,CK1_CK1_CSNK1D,CK1_CK1,Homo sapiens (Human),9606.0,KC1D_HUMAN
49,P48730,KC1D,Q6U7Q0,396,S,ELSPPHASEASQMS*,HOMO SAPIENS,GPS,CK1,CK1,CK1_CK1_CSNK1D,CK1_CK1,Homo sapiens (Human),9606.0,KC1D_HUMAN
50,P48730,KC1D,Q00987,386,S,DDKITQASQSQESED,HOMO SAPIENS,GPS,CK1,CK1,CK1_CK1_CSNK1D,CK1_CK1,Homo sapiens (Human),9606.0,KC1D_HUMAN
51,P48730,KC1D,P49810,327,S,DPEMEEDSYDSFGEP,HOMO SAPIENS,GPS,CK1,CK1,CK1_CK1_CSNK1D,CK1_CK1,Homo sapiens (Human),9606.0,KC1D_HUMAN
52,P48730,KC1D,O15055,662,S,ALPGKAESVASLTSQ,HOMO SAPIENS,GPS,CK1,CK1,CK1_CK1_CSNK1D,CK1_CK1,Homo sapiens (Human),9606.0,KC1D_HUMAN
53,P48730,KC1D,P12830,844,S,GSGSEAASLSSLNSS,HOMO SAPIENS,GPS,CK1,CK1,CK1_CK1_CSNK1D,CK1_CK1,Homo sapiens (Human),9606.0,KC1D_HUMAN
54,P48730,KC1D,P43629,385,S,AGNRTANSEDSDEQD,HOMO SAPIENS,GPS,CK1,CK1,CK1_CK1_CSNK1D,CK1_CK1,Homo sapiens (Human),9606.0,KC1D_HUMAN
55,P48730,KC1D,P43629,388,S,RTANSEDSDEQDPEE,HOMO SAPIENS,GPS,CK1,CK1,CK1_CK1_CSNK1D,CK1_CK1,Homo sapiens (Human),9606.0,KC1D_HUMAN
56,P48730,KC1D,Q00987,176,S,EENSDELSGERQRKR,HOMO SAPIENS,GPS,CK1,CK1,CK1_CK1_CSNK1D,CK1_CK1,Homo sapiens (Human),9606.0,KC1D_HUMAN
57,P48730,KC1D,P48985,325,S,QPVQEDNSKTSPRSH,HOMO SAPIENS,GPS,CK1,CK1,CK1_CK1_CSNK1D,CK1_CK1,Homo sapiens (Human),9606.0,KC1D_HUMAN
58,P48730,KC1D,Q9Y6Q9,601,S,SDKESKESSVEGAEN,HOMO SAPIENS,GPS,CK1,CK1,CK1_CK1_CSNK1D,CK1_CK1,Homo sapiens (Human),9606.0,KC1D_HUMAN
59,P48730,KC1D,P10636-8,205,T,SSPGSPGTPGSRSRT,HOMO SAPIENS,GPS,CK1,CK1,CK1_CK1_CSNK1D,CK1_CK1,Homo sapiens (Human),9606.0,KC1D_HUMAN
60,P48730,KC1D,Q00987,229,S,PDLDAGVSEHSGDWL,HOMO SAPIENS,GPS,CK1,CK1,CK1_CK1_CSNK1D,CK1_CK1,Homo sapiens (Human),9606.0,KC1D_HUMAN
61,P48730,KC1D,Q00987,240,S,GDWLDQDSVSDQFSV,HOMO SAPIENS,GPS,CK1,CK1,CK1_CK1_CSNK1D,CK1_CK1,Homo sapiens (Human),9606.0,KC1D_HUMAN
62,P48730,KC1D,P12830,846,S,GSEAASLSSLNSSES,HOMO SAPIENS,GPS,CK1,CK1,CK1_CK1_CSNK1D,CK1_CK1,Homo sapiens (Human),9606.0,KC1D_HUMAN
63,P48730,KC1D,P25054,1507,S,FSCSSSLSALSLDEP,HOMO SAPIENS,GPS,CK1,CK1,CK1_CK1_CSNK1D,CK1_CK1,Homo sapiens (Human),9606.0,KC1D_HUMAN
64,P48730,KC1D,P35222,45,S,GATTTAPSLSGKGNP,HOMO SAPIENS,GPS,CK1,CK1,CK1_CK1_CSNK1D,CK1_CK1,Homo sapiens (Human),9606.0,KC1D_HUMAN
65,P48730,KC1D,P10636-8,396,S,GAEIVYKSPVVSGDT,HOMO SAPIENS,GPS,CK1,CK1,CK1_CK1_CSNK1D,CK1_CK1,Homo sapiens (Human),9606.0,KC1D_HUMAN
66,P48730,KC1D,Q00987,242,S,WLDQDSVSDQFSVEF,HOMO SAPIENS,GPS,CK1,CK1,CK1_CK1_CSNK1D,CK1_CK1,Homo sapiens (Human),9606.0,KC1D_HUMAN
67,P48730,KC1D,P48985,331,S,NSKTSPRSHRSDGEF,HOMO SAPIENS,GPS,CK1,CK1,CK1_CK1_CSNK1D,CK1_CK1,Homo sapiens (Human),9606.0,KC1D_HUMAN
68,P48730,KC1D,P02340,9,S,TAMEESQSDISLELP,HOMO SAPIENS,GPS,CK1,CK1,CK1_CK1_CSNK1D,CK1_CK1,Homo sapiens (Human),9606.0,KC1D_HUMAN
69,P48730,KC1D,Q99814,383,S,SSGKGAVSEKSNFLF,HOMO SAPIENS,GPS,CK1,CK1,CK1_CK1_CSNK1D,CK1_CK1,Homo sapiens (Human),9606.0,KC1D_HUMAN
70,P48730,KC1D,Q00987,373,S,IVNDSRESCVEENDD,HOMO SAPIENS,GPS,CK1,CK1,CK1_CK1_CSNK1D,CK1_CK1,Homo sapiens (Human),9606.0,KC1D_HUMAN
71,P48730,KC1D,Q9MZ06,36,S,NRRGSKASADESLAL,HOMO SAPIENS,GPS,CK1,CK1,CK1_CK1_CSNK1D,CK1_CK1,Homo sapiens (Human),9606.0,KC1D_HUMAN
72,P48730,KC1D,P30291,212,S,SVKLRGSSLFMDTEK,HOMO SAPIENS,GPS,CK1,CK1,CK1_CK1_CSNK1D,CK1_CK1,Homo sapiens (Human),9606.0,KC1D_HUMAN
73,P48730,KC1D,O15055,665,S,GKAESVASLTSQCSY,HOMO SAPIENS,GPS,CK1,CK1,CK1_CK1_CSNK1D,CK1_CK1,Homo sapiens (Human),9606.0,KC1D_HUMAN
74,P48730,KC1D,P23804,244,S,DSVSDQFSVEFEVES,HOMO SAPIENS,GPS,CK1,CK1,CK1_CK1_CSNK1D,CK1_CK1,Homo sapiens (Human),9606.0,KC1D_HUMAN
75,P48730,KC1D,P27707,72,T,QDEFEELTMSQKNGG,HOMO SAPIENS,GPS,CK1,CK1,CK1_CK1_CSNK1D,CK1_CK1,Homo sapiens (Human),9606.0,KC1D_HUMAN
76,P48730,KC1D,P27707,74,S,EFEELTMSQKNGGNV,HOMO SAPIENS,GPS,CK1,CK1,CK1_CK1_CSNK1D,CK1_CK1,Homo sapiens (Human),9606.0,KC1D_HUMAN
77,P48730,KC1D,P04637,20,S,PLSQETFSDLWKLLP,HOMO SAPIENS,GPS,CK1,CK1,CK1_CK1_CSNK1D,CK1_CK1,Homo sapiens (Human),9606.0,KC1D_HUMAN
78,P48730,KC1D,P48985,334,S,TSPRSHRSDGEFSPH,HOMO SAPIENS,GPS,CK1,CK1,CK1_CK1_CSNK1D,CK1_CK1,Homo sapiens (Human),9606.0,KC1D_HUMAN
79,P48730,KC1D,Q13148,389,S,AIGWGSASNAGSGSG,HOMO SAPIENS,GPS,CK1,CK1,CK1_CK1_CSNK1D,CK1_CK1,Homo sapiens (Human),9606.0,KC1D_HUMAN
80,P48730,KC1D,Q13148,395,S,ASNAGSGSGFNGGFG,HOMO SAPIENS,GPS,CK1,CK1,CK1_CK1_CSNK1D,CK1_CK1,Homo sapiens (Human),9606.0,KC1D_HUMAN
81,P48730,KC1D,Q00987,290,S,AGESDTDSFEEDPEI,HOMO SAPIENS,GPS,CK1,CK1,CK1_CK1_CSNK1D,CK1_CK1,Homo sapiens (Human),9606.0,KC1D_HUMAN
82,P48730,KC1D,Q00987,279,T,DDEVYQVTVYQAGES,HOMO SAPIENS,GPS,CK1,CK1,CK1_CK1_CSNK1D,CK1_CK1,Homo sapiens (Human),9606.0,KC1D_HUMAN
83,P48730,KC1D,Q13148,409,S,GSSMDSKSSGWGM**,HOMO SAPIENS,GPS,CK1,CK1,CK1_CK1_CSNK1D,CK1_CK1,Homo sapiens (Human),9606.0,KC1D_HUMAN
84,P48730,KC1D,P35922,499,S,NSEASNASETESDHR,HOMO SAPIENS,GPS,CK1,CK1,CK1_CK1_CSNK1D,CK1_CK1,Homo sapiens (Human),9606.0,KC1D_HUMAN
85,P48730,KC1D,Q00987,260,S,SLDSEDYSLSEEGQE,HOMO SAPIENS,GPS,CK1,CK1,CK1_CK1_CSNK1D,CK1_CK1,Homo sapiens (Human),9606.0,KC1D_HUMAN
86,P48730,KC1D,O14641,143,S,FHPNVSSSHENLEPE,HOMO SAPIENS,GPS,CK1,CK1,CK1_CK1_CSNK1D,CK1_CK1,Homo sapiens (Human),9606.0,KC1D_HUMAN
87,P48730,KC1D,Q00987,350,S,EKAKLENSTQAEEGF,HOMO SAPIENS,GPS,CK1,CK1,CK1_CK1_CSNK1D,CK1_CK1,Homo sapiens (Human),9606.0,KC1D_HUMAN
88,P48730,KC1D,P02340,7,S,*MTAMEESQSDISLE,HOMO SAPIENS,GPS,CK1,CK1,CK1_CK1_CSNK1D,CK1_CK1,Homo sapiens (Human),9606.0,KC1D_HUMAN
89,P48730,KC1D,P10636-8,202,S,SGYSSPGSPGTPGSR,HOMO SAPIENS,GPS,CK1,CK1,CK1_CK1_CSNK1D,CK1_CK1,Homo sapiens (Human),9606.0,KC1D_HUMAN
90,P48730,KC1D,P25054,1510,S,SSSLSALSLDEPFIQ,HOMO SAPIENS,GPS,CK1,CK1,CK1_CK1_CSNK1D,CK1_CK1,Homo sapiens (Human),9606.0,KC1D_HUMAN
91,P48730,KC1D,G3V7R4,316,S,PRTSSNASTISGRLS,HOMO SAPIENS,GPS,CK1,CK1,CK1_CK1_CSNK1D,CK1_CK1,Homo sapiens (Human),9606.0,KC1D_HUMAN
92,P48730,KC1D,P48985,347,S,PHSHYSDSDEAS***,HOMO SAPIENS,GPS,CK1,CK1,CK1_CK1_CSNK1D,CK1_CK1,Homo sapiens (Human),9606.0,KC1D_HUMAN
93,P48730,KC1D,P53041,362,T,LFSEDGVTLDDIRKI,HOMO SAPIENS,GPS,CK1,CK1,CK1_CK1_CSNK1D,CK1_CK1,Homo sapiens (Human),9606.0,KC1D_HUMAN
94,P48730,KC1D,P25054,1505,S,DGFSCSSSLSALSLD,HOMO SAPIENS,GPS,CK1,CK1,CK1_CK1_CSNK1D,CK1_CK1,Homo sapiens (Human),9606.0,KC1D_HUMAN
95,P48730,KC1D,Q14511,804,T,AALHYPSTTALQEMV,HOMO SAPIENS,GPS,CK1,CK1,CK1_CK1_CSNK1D,CK1_CK1,Homo sapiens (Human),9606.0,KC1D_HUMAN
96,P48730,KC1D,P49810,330,S,MEEDSYDSFGEPSYP,HOMO SAPIENS,GPS,CK1,CK1,CK1_CK1_CSNK1D,CK1_CK1,Homo sapiens (Human),9606.0,KC1D_HUMAN
97,P48730,KC1D,Q96T88,95,S,SELSDTDSGCCLGQS,HOMO SAPIENS,GPS,CK1,CK1,CK1_CK1_CSNK1D,CK1_CK1,Homo sapiens (Human),9606.0,KC1D_HUMAN
98,P48730,KC1D,Q00987,419,T,KEFEREETQDKEESV,HOMO SAPIENS,GPS,CK1,CK1,CK1_CK1_CSNK1D,CK1_CK1,Homo sapiens (Human),9606.0,KC1D_HUMAN
99,P48730,KC1D,Q60838,591,S,QHSEGSRSSGSTRSD,HOMO SAPIENS,GPS,CK1,CK1,CK1_CK1_CSNK1D,CK1_CK1,Homo sapiens (Human),9606.0,KC1D_HUMAN
100,P48730,KC1D,Q60838,592,S,HSEGSRSSGSTRSDG,HOMO SAPIENS,GPS,CK1,CK1,CK1_CK1_CSNK1D,CK1_CK1,Homo sapiens (Human),9606.0,KC1D_HUMAN
101,P48730,KC1D,O15055,668,S,ESVASLTSQCSYSST,HOMO SAPIENS,GPS,CK1,CK1,CK1_CK1_CSNK1D,CK1_CK1,Homo sapiens (Human),9606.0,KC1D_HUMAN
102,P48730,KC1D,Q00987,351,T,KAKLENSTQAEEGFD,HOMO SAPIENS,GPS,CK1,CK1,CK1_CK1_CSNK1D,CK1_CK1,Homo sapiens (Human),9606.0,KC1D_HUMAN
103,P48730,KC1D,Q13148,317,S,GMNFGAFSINPAMMA,HOMO SAPIENS,GPS,CK1,CK1,CK1_CK1_CSNK1D,CK1_CK1,Homo sapiens (Human),9606.0,KC1D_HUMAN
104,P48730,KC1D,Q60838,597,S,RSSGSTRSDGGAGRT,HOMO SAPIENS,GPS,CK1,CK1,CK1_CK1_CSNK1D,CK1_CK1,Homo sapiens (Human),9606.0,KC1D_HUMAN
