KIN_ACC,KINASE,SUB_ACC,POSITION,CODE,PEPTIDE,KIN_ORGANISM,SOURCE,GROUP
,RAF,Q63980,218,S,VSGQLIDSMANSFVG,CRIGR,Uniprot,TKL
,RAF,Q63980,222,S,LIDSMANSFVGTRSY,CRIGR,Uniprot,TKL
,RAF,P31938,218,S,VSGQLIDSMANSFVG,MOUSE,Uniprot,TKL
,RAF,P31938,222,S,LIDSMANSFVGTRSY,MOUSE,Uniprot,TKL
,RAF,Q9XT09,218,S,VSGQLIDSMANSFVG,PANTR,Uniprot,TKL
,RAF,Q9XT09,222,S,LIDSMANSFVGTRSY,PANTR,Uniprot,TKL
,RAF,P29678,218,S,VSGQLIDSMANSFVG,RABIT,Uniprot,TKL
,RAF,P29678,222,S,LIDSMANSFVGTRSY,RABIT,Uniprot,TKL
,RAF,Q01986,218,S,VSGQLIDSMANSFVG,RAT,Uniprot,TKL
,RAF,Q01986,222,S,LIDSMANSFVGTRSY,RAT,Uniprot,TKL
,RAF,Q91447,211,S,VSGQLIDSMANSFVG,SERCA,Uniprot,TKL
,RAF,Q91447,215,S,LIDSMANSFVGTRSY,SERCA,Uniprot,TKL
,RAF,Q05116,218,S,VSGQLIDSMANSFVG,XENLA,Uniprot,TKL
,RAF,Q05116,222,S,LIDSMANSFVGTRSY,XENLA,Uniprot,TKL
,RAF,Q1HG70,222,S,VSGQLIDSMANSFVG,CANLF,Uniprot,TKL
,RAF,Q90891,220,S,VSGQLIDSMANSFVG,CHICK,Uniprot,TKL
,RAF,Q90891,224,S,LIDSMANSFVGTRSY,CHICK,Uniprot,TKL
,RAF,Q90321,219,S,VSGQLIDSMANSFVG,CYPCA,Uniprot,TKL
,RAF,Q90321,223,S,LIDSMANSFVGTRSY,CYPCA,Uniprot,TKL
,RAF,P36507,222,S,VSGQLIDSMANSFVG,HUMAN,Uniprot,TKL
,RAF,Q63932,222,S,VSGQLIDSMANSFVG,MOUSE,Uniprot,TKL
,RAF,Q63932,226,S,LIDSMANSFVGTRSY,MOUSE,Uniprot,TKL
,RAF,P36506,222,S,VSGQLIDSMANSFVG,RAT,Uniprot,TKL
,RAF,P36506,226,S,LIDSMANSFVGTRSY,RAT,Uniprot,TKL
,RAF,Q07192,304,S,ISGQLVDSIAKTRDA,XENLA,Uniprot,TKL
,RAF,Q07192,308,T,LVDSIAKTRDAGCRP,XENLA,Uniprot,TKL
,RAF,P01106,8,T,MPLNVSFTNRNYDLD,HUMAN,Uniprot,TKL
,RIPK1,Q6P730,535,S,PSPARSSSYSEANEP,RAT,Uniprot,TKL
,TGFBR1,P62629,300,S,EMHHEALSEALPGDN,CRIGR,Uniprot,TKL
,TGFBR1,Q66RN5,300,S,EMHHEALSEALPGDN,FELCA,Uniprot,TKL
,TGFBR1,A2Q0Z0,300,S,EMHHEALSEALPGDN,HORSE,Uniprot,TKL
,TGFBR1,Q5R1X2,300,S,EMHHEALSEALPGDN,PANTR,Uniprot,TKL
,TGFBR1,Q5R4R8,300,S,EMHHEALSEALPGDN,PONAB,Uniprot,TKL
,TGFBR1,P68105,300,S,EMHHEALSEALPGDN,RABIT,Uniprot,TKL
,ILK1,P70670,2015,S,PELEEQDSTQTATQQ,MOUSE,Uniprot,TKL
,ILK1,Q5E9A1,43,S,PELEEQDSTQATTQQ,BOVIN,Uniprot,TKL
,ILK1,Q6QN10,43,S,PELEGQDSTQATTQQ,CHILA,Uniprot,TKL
,ILK1,Q60817,43,S,PELEEQDSTQTATQQ,MOUSE,Uniprot,TKL
,ILK1,Q5R9I9,43,S,PELEEQDSTQATTQQ,PONAB,Uniprot,TKL
,ILK1,Q8R4S0,72,T,RHQQGKVTVKYDRKE,MOUSE,Uniprot,TKL
,ILK1,Q8R4R9,72,T,RHQQGKVTVKYDRKE,RAT,Uniprot,TKL
,TGFBR1,Q5R7C0,465,S,SPSVRCSSMS*****,PONAB,Uniprot,TKL
,TGFBR1,Q5R7C0,467,S,SVRCSSMS*******,PONAB,Uniprot,TKL
,IRAK1,Q19S50,727,S,NTIDLPMSPRTLDSL,PIG,Uniprot,TKL
,IRAK1,P52631,727,S,NTIDLPMSPRTLDSL,RAT,Uniprot,TKL
,TGFBR2,O46680,181,T,KDLIYDMTTSGSGSG,BOVIN,Uniprot,TKL
,TGFBR2,O46680,182,T,DLIYDMTTSGSGSGL,BOVIN,Uniprot,TKL
,TGFBR2,O46680,183,S,LIYDMTTSGSGSGLP,BOVIN,Uniprot,TKL
,TGFBR2,O46680,185,S,YDMTTSGSGSGLPLL,BOVIN,Uniprot,TKL
,TGFBR2,O46680,187,S,MTTSGSGSGLPLLVQ,BOVIN,Uniprot,TKL
,RAF1,P09741,216,T,RKSGKRQTEREKKKK,RABIT,Uniprot,TKL
,RAF1,P50751,202,T,RKSGKRQTEREKKKK,SHEEP,Uniprot,TKL
,ACVR1B,A7YWI9,88,T,PGSCVDLTKEETNDS,BOVIN,Uniprot,TKL
,ACVR1B,A7YWI9,92,T,VDLTKEETNDSISSK,BOVIN,Uniprot,TKL
,RAF1,P29678,222,S,LIDSMANSFVGTRSY,RABIT,PhosphoELM,TKL
,RAF1,P29678,218,S,VSGQLIDSMANSFVG,RABIT,PhosphoELM,TKL
,ILK,ENSGALP00000016789,495,T,RLAYVAPTIPRRLAS,CHICK,PhosphoELM,TKL
,ILK,ENSGALP00000016789,695,T,ARQSRRSTQGVTLTD,CHICK,PhosphoELM,TKL
,ILK,ENSGALP00000016789,709,T,DLQEAEKTIGRSRST,CHICK,PhosphoELM,TKL
NAN,MAP3K-FAMILY,P52564,207,S,ISGYLVDSVAKTIDA,HOMO SAPIENS,GPS,TKL
NAN,MAP3K-FAMILY,Q02750,218,S,VSGQLIDSMANSFVG,HOMO SAPIENS,GPS,TKL
NAN,MAP3K-FAMILY,P45985,257,S,ISGQLVDSIAKTRDA,HOMO SAPIENS,GPS,TKL
NAN,MAP3K-FAMILY,Q02750,222,S,LIDSMANSFVGTRSY,HOMO SAPIENS,GPS,TKL
NAN,MAP3K-FAMILY,P45985,261,T,LVDSIAKTRDAGCRP,HOMO SAPIENS,GPS,TKL
NAN,MAP3K-FAMILY,P52564,211,T,LVDSVAKTIDAGCKP,HOMO SAPIENS,GPS,TKL
NAN,MLKA,P25323,270,S,PWLKSNNSNNTIDTV,DICTYOSTELIUM DISCOIDEUM,GPS,TKL
NAN,MLKA,P25323,251,S,KLLVVDVSKRLNATN,DICTYOSTELIUM DISCOIDEUM,GPS,TKL
NAN,MLKA,P25323,289,T,YIVERQKTQTKLVN*,DICTYOSTELIUM DISCOIDEUM,GPS,TKL
NAN,RAF-FAMILY,Q61337,112,S,ETRSRHSSYPAGTEE,MUS MUSCULUS,GPS,TKL
NAN,RAF-FAMILY,Q61337,136,S,PFRGRSRSAPPNLWA,MUS MUSCULUS,GPS,TKL
NAN,RAF-FAMILY,Q92934,118,S,GRELRRMSDEFVDSF,HOMO SAPIENS,GPS,TKL
NAN,RAF-FAMILY,Q92934,75,S,EIRSRHSSYPAGTED,HOMO SAPIENS,GPS,TKL
NAN,RAF-FAMILY,Q61337,155,S,GRELRRMSDEFEGSF,MUS MUSCULUS,GPS,TKL
P36896,ACVR1B,O95551,88,T,PKTYVDLTNEETTDS,HUMAN,Uniprot,TKL
P36896,ACVR1B,O95551,92,T,VDLTNEETTDSTTSK,HUMAN,Uniprot,TKL
P36896,ALK4,O95551,88,T,PKTYVDLTNEETTDS,HUMAN,PSP,TKL
P36896,ALK4,O95551,92,T,VDLTNEETTDSTTSK,HUMAN,PSP,TKL
Q61271,ACVR1B,Q9JJX7,99,T,SEAYVDLTNEDANDT,MOUSE,Uniprot,TKL
Q61271,ALK4,O95551,88,T,PKTYVDLTNEETTDS,MOUSE,PSP,TKL
Q61271,ALK4,O95551,92,T,VDLTNEETTDSTTSK,MOUSE,PSP,TKL
Q61271,ACVR1B,O95551,92,T,VDLTNEETTDSTTSK,MUS MUSCULUS,GPS,TKL
Q61271,ACVR1B,O95551,88,T,PKTYVDLTNEETTDS,MUS MUSCULUS,GPS,TKL
P80202,ACVR1B,Q3T1H5,95,T,SEDYVDLTNEDANDT,RAT,Uniprot,TKL
P37023,ALK1,P17813,646,S,STNHSIGSTQSTPCS,HUMAN,PSP,TKL
P37023,ALK1,P17813,640,T,ASSESSSTNHSIGST,HUMAN,PSP,TKL
P37023,ALK1,P17813,654,T,TQSTPCSTSSMA***,HUMAN,PSP,TKL
P37023,ALK1,P17813,649,S,HSIGSTQSTPCSTSS,HUMAN,PSP,TKL
P37023,ACVRL1,P17813,646,S,STNHSIGSTQSTPCS,HOMO SAPIENS,GPS,TKL
P37023,ACVRL1,P17813,649,S,HSIGSTQSTPCSTSS,HOMO SAPIENS,GPS,TKL
P37023,ACVRL1,P17813,654,T,TQSTPCSTSSMA***,HOMO SAPIENS,GPS,TKL
P37023,ACVRL1,P17813,640,T,ASSESSSTNHSIGST,HOMO SAPIENS,GPS,TKL
P10398,ARAF,Q02750,222,S,LIDSMANSFVGTRSY,HUMAN,PSP,TKL
P10398,ARAF,Q02750,218,S,VSGQLIDSMANSFVG,HUMAN,PSP,TKL
P10398,ARAF,Q92934,99,S,PFRGRSRSAPPNLWA,HUMAN,PSP,TKL
P10398,ARAF,Q92934,75,S,EIRSRHSSYPAGTED,HUMAN,PSP,TKL
P10398,ARAF,Q15599,303,S,QESGLHLSPTAAEAK,HUMAN,PSP,TKL
P10398,ARAF,Q92934,118,S,GRELRRMSDEFVDSF,HUMAN,PSP,TKL
B2RYH5,IRAK1,P35570,24,S,GYLRKPKSMHKRFFV,RATTUS NORVEGICUS,GPS,TKL
O00238,BMPR1B,Q15797,465,S,HNPISSVS*******,HUMAN,PSP,TKL
O00238,BMPR1B,Q15796,467,S,SVRCSSMS*******,HUMAN,PSP,TKL
O00238,BMPR1B,Q15797,462,S,GSPHNPISSVS****,HUMAN,PSP,TKL
O00238,BMPR1B,Q15796,465,S,SPSVRCSSMS*****,HUMAN,PSP,TKL
O00238,BMPR1B,Q15797,463,S,SPHNPISSVS*****,HUMAN,PSP,TKL
O00238,BMPR1B,Q15796,464,S,GSPSVRCSSMS****,HUMAN,PSP,TKL
O00238,BMR1B,Q15796,464,S,GSPSVRCSSMS****,HUMAN,PhosphoELM,TKL
O00238,BMR1B,Q15796,465,S,SPSVRCSSMS*****,HUMAN,PhosphoELM,TKL
O00238,BMR1B,Q15796,467,S,SVRCSSMS*******,HUMAN,PhosphoELM,TKL
O00238,BMR1B,Q15797,462,S,GSPHNPISSVS****,HUMAN,PhosphoELM,TKL
O00238,BMR1B,Q15797,463,S,SPHNPISSVS*****,HUMAN,PhosphoELM,TKL
O00238,BMR1B,Q15797,465,S,HNPISSVS*******,HUMAN,PhosphoELM,TKL
P15056,BRAF,Q02750,218,S,VSGQLIDSMANSFVG,HUMAN,Uniprot,TKL
P15056,BRAF,Q02750,222,S,LIDSMANSFVGTRSY,HUMAN,Uniprot,TKL
P15056,BRAF,P19634,653,T,LRSYNRHTLVADPYE,HUMAN,PSP,TKL
P15056,BRAF,P68104,88,T,ETSKYYVTIIDAPGH,HUMAN,PSP,TKL
P15056,BRAF,Q05639,21,S,GHVDSGKSTTTGHLI,HUMAN,PSP,TKL
P15056,BRAF,P33981,281,S,VPVNLLNSPDCDVKT,HUMAN,PSP,TKL
P15056,BRAF,Q92934,99,S,PFRGRSRSAPPNLWA,HUMAN,PSP,TKL
P15056,BRAF,P36507,222,S,VSGQLIDSMANSFVG,HUMAN,PSP,TKL
P15056,BRAF,Q92934,75,S,EIRSRHSSYPAGTED,HUMAN,PSP,TKL
P15056,BRAF,Q9H9S0,68,S,LIQDSPDSSTSPKGK,HUMAN,PSP,TKL
P15056,BRAF,P68104,21,S,GHVDSGKSTTTGHLI,HUMAN,PSP,TKL
P15056,BRAF,P15056,614,S,SHQFEQLSGSILWMA,HUMAN,PSP,TKL
P15056,BRAF,Q92934,118,S,GRELRRMSDEFVDSF,HUMAN,PSP,TKL
P15056,BRAF,P15056,373,T,APNVHINTIEPVNID,HUMAN,PSP,TKL
P15056,BRAF,P36507,226,S,LIDSMANSFVGTRSY,HUMAN,PSP,TKL
P15056,BRAF,P33981,436,S,VFSVSKQSPPISTSK,HUMAN,PSP,TKL
P15056,BRAF,Q92934,134,S,KGLPRPKSAGTATQM,HUMAN,PSP,TKL
P15056,BRAF,Q13878,373,T,APNVHINTIEPVNID,HOMO SAPIENS,GPS,TKL
F1M9C3,BRAF,Q01986,218,S,VSGQLIDSMANSFVG,RAT,PSP,TKL
F1M9C3,BRAF,Q01986,222,S,LIDSMANSFVGTRSY,RAT,PSP,TKL
G1TKQ9,RAF1,P29678,218,S,VSGQLIDSMANSFVG,ORYCTOLAGUS CUNICULUS,GPS,TKL
G1TKQ9,RAF1,P29678,222,S,LIDSMANSFVGTRSY,ORYCTOLAGUS CUNICULUS,GPS,TKL
I3L9C8,ILK,Q8MIK9,57,T,VRRQGKVTVKYDRKE,SUS SCROFA,GPS,TKL
I3L9C8,ILK,O18734,38,T,QKRHARVTVKYDRRE,SUS SCROFA,GPS,TKL
Q13418,ILK1,E9PAV3,1906,S,PELEEQDSTQATTQQ,HUMAN,Uniprot,TKL
Q13418,ILK1,Q13765,43,S,PELEEQDSTQATTQQ,HUMAN,Uniprot,TKL
Q13418,ILK1,Q8TAE6,73,T,RHQQGKVTVKYDRKE,HUMAN,Uniprot,TKL
Q13418,ILK,Q90623,709,T,DLQEAEKTIGRSRST,HUMAN,PSP,TKL
Q13418,ILK,P31749,473,S,RPHFPQFSYSASGTA,HUMAN,PSP,TKL
Q13418,ILK,Q96A00,38,T,QKRHARVTVKYDRRE,HUMAN,PSP,TKL
Q13418,ILK,Q8TAE6,73,T,RHQQGKVTVKYDRKE,HUMAN,PSP,TKL
Q13418,ILK,Q90623,695,T,ARQSRRSTQGVTLTD,HUMAN,PSP,TKL
Q13418,ILK,P45592,3,S,*****MASGVAVSDG,HUMAN,PSP,TKL
Q13418,ILK,O14950,20,S,KRPQRATSNVFAMFD,HUMAN,PSP,TKL
Q13418,ILK,E9PAV3,1906,S,PELEEQDSTQATTQQ,HUMAN,PSP,TKL
Q13418,ILK,P31750,473,S,RPHFPQFSYSASGTA,HUMAN,PSP,TKL
Q13418,ILK,Q96C90,57,T,VRRQGKVTVKYDRKE,HUMAN,PSP,TKL
Q13418,ILK,Q90623,495,T,RLAYVAPTIPRRLAS,HUMAN,PSP,TKL
Q13418,ILK,O14950,19,T,KKRPQRATSNVFAMF,HUMAN,PSP,TKL
Q13418,ILK,Q13418,343,S,SMADVKFSFQCPGRM,HUMAN,PhosphoELM,TKL
Q13418,ILK,Q13765,43,S,PELEEQDSTQATTQQ,HUMAN,PhosphoELM,TKL
O55222,ILK,O55222,343,S,SMADVKFSFQCPGRM,MOUSE,PSP,TKL
O55222,ILK,Q60817,43,S,PELEEQDSTQTATQQ,MUS MUSCULUS,GPS,TKL
Q2LGB3,IRAK1,P61635,727,S,NTIDLPMSPRTLDSL,BOVIN,Uniprot,TKL
P51617,IRAK1,P40763,727,S,NTIDLPMSPRTLDSL,HUMAN,Uniprot,TKL
P51617,IRAK1,Q96FA3,80,T,DQHSISYTLSRAQTV,HUMAN,PSP,TKL
P51617,IRAK1,P51617,387,T,RTQTVRGTLAYLPEE,HUMAN,PSP,TKL
P51617,IRAK1,Q96FA3,78,S,NKDQHSISYTLSRAQ,HUMAN,PSP,TKL
P51617,IRAK1,Q96FA3,86,T,YTLSRAQTVVVEYTH,HUMAN,PSP,TKL
P51617,IRAK1,Q96FA3,288,T,QCPVGFNTLAFPSMK,HUMAN,PSP,TKL
P51617,IRAK1,Q96FA3,127,T,GSQSNSDTQSVQSTI,HUMAN,PSP,TKL
P51617,IRAK1,Q9HAT8,290,T,QCPVGLNTLAFPSIN,HUMAN,PSP,TKL
P51617,IRAK1,P51617,209,T,LCEISRGTHNFSEEL,HUMAN,PSP,TKL
P51617,IRAK1,Q96FA3,293,S,FNTLAFPSMKRKDVV,HUMAN,PSP,TKL
P51617,IRAK1,Q96FA3,125,S,VPGSQSNSDTQSVQS,HUMAN,PSP,TKL
P51617,IRAK1,Q96FA3,76,S,ISNKDQHSISYTLSR,HUMAN,PSP,TKL
P51617,IRAK1,Q96FA3,82,S,HSISYTLSRAQTVVV,HUMAN,PSP,TKL
P51617,IRAK1,Q96FA3,70,S,PQAAKAISNKDQHSI,HUMAN,PSP,TKL
Q62406,IRAK1,P42227,727,S,NTIDLPMSPRTLDSL,MOUSE,Uniprot,TKL
Q62406,IRAK1,Q9ESJ7,234,S,TVQQKIKSATIHAAS,MOUSE,PSP,TKL
Q62406,IRAK1,Q9ESJ7,63,S,GAAEVSASPDRALVT,MOUSE,PSP,TKL
Q62406,IRAK1,Q9ESJ7,236,T,QQKIKSATIHAASKV,MOUSE,PSP,TKL
Q62406,IRAK1,Q9ESJ7,246,T,AASKVFITFEVKGKE,MOUSE,PSP,TKL
Q62406,IRAK1,Q9ESJ7,61,S,VSGAAEVSASPDRAL,MOUSE,PSP,TKL
Q62406,IRAK1,Q9ESJ7,55,S,GAREVHVSGAAEVSA,MOUSE,PSP,TKL
Q62406,IRAK1,Q9ESJ7,241,S,SATIHAASKVFITFE,MOUSE,PSP,TKL
Q1RMT8,IRAK4,Q2LGB3,209,T,LHEICQGTHDFSEEL,BOVIN,Uniprot,TKL
Q9NWZ3,IRAK4,P51617,209,T,LCEISRGTHNFSEEL,HUMAN,Uniprot,TKL
Q9NWZ3,IRAK4,Q96FA3,80,T,DQHSISYTLSRAQTV,HUMAN,PSP,TKL
Q9NWZ3,IRAK4,P14598,348,S,PGPQSPGSPLEEERQ,HUMAN,PSP,TKL
Q9NWZ3,IRAK4,Q9NWZ3,345,T,KFAQTVMTSRIVGTT,HUMAN,PSP,TKL
Q9NWZ3,IRAK4,Q96FA3,288,T,QCPVGFNTLAFPSMK,HUMAN,PSP,TKL
Q9NWZ3,IRAK4,Q96FA3,127,T,GSQSNSDTQSVQSTI,HUMAN,PSP,TKL
Q9NWZ3,IRAK4,P14598,356,T,PLEEERQTQRSKPQP,HUMAN,PSP,TKL
Q9NWZ3,IRAK4,P14598,320,S,QRSRKRLSQDAYRRN,HUMAN,PSP,TKL
Q9NWZ3,IRAK4,P51617,376,S,GSSPSQSSMVARTQT,HUMAN,PSP,TKL
Q9NWZ3,IRAK4,Q9NWZ3,209,T,KGYVNNTTVAVKKLA,HUMAN,PSP,TKL
Q9NWZ3,IRAK4,Q9NWZ3,8,S,MNKPITPSTYVRCLN,HUMAN,PSP,TKL
Q9NWZ3,IRAK4,Q9NWZ3,346,S,FAQTVMTSRIVGTTA,HUMAN,PSP,TKL
Q9NWZ3,IRAK4,P14598,370,S,PAVPPRPSADLILNR,HUMAN,PSP,TKL
Q9NWZ3,IRAK4,Q96FA3,82,S,HSISYTLSRAQTVVV,HUMAN,PSP,TKL
Q9NWZ3,IRAK4,Q9NWZ3,342,T,ASEKFAQTVMTSRIV,HUMAN,PSP,TKL
Q9NWZ3,IRAK4,Q9NWZ3,352,T,TSRIVGTTAYMAPEA,HUMAN,PSP,TKL
Q9NWZ3,IRAK4,Q96FA3,70,S,PQAAKAISNKDQHSI,HUMAN,PSP,TKL
Q9NWZ3,IRAK4,P14598,288,S,QKSGQDVSQAQRQIK,HUMAN,PSP,TKL
Q9NWZ3,IRAK4,P14598,153,T,KSTATDITGPIILQT,HUMAN,PSP,TKL
Q9NWZ3,IRAK4,P51617,387,T,RTQTVRGTLAYLPEE,HUMAN,PSP,TKL
Q9NWZ3,IRAK4,Q9NWZ3,208,T,YKGYVNNTTVAVKKL,HUMAN,PSP,TKL
Q9NWZ3,IRAK4,Q96FA3,78,S,NKDQHSISYTLSRAQ,HUMAN,PSP,TKL
Q9NWZ3,IRAK4,Q96FA3,86,T,YTLSRAQTVVVEYTH,HUMAN,PSP,TKL
Q9NWZ3,IRAK4,P14598,345,S,QARPGPQSPGSPLEE,HUMAN,PSP,TKL
Q9NWZ3,IRAK4,P14598,133,T,KLPTDNQTKKPETYL,HUMAN,PSP,TKL
Q9NWZ3,IRAK4,P14598,138,T,NQTKKPETYLMPKDG,HUMAN,PSP,TKL
Q9NWZ3,IRAK4,Q9NWZ3,6,T,**MNKPITPSTYVRC,HUMAN,PSP,TKL
Q9NWZ3,IRAK4,Q9NWZ3,151,S,SYMPPDSSSPENKSL,HUMAN,PSP,TKL
Q9NWZ3,IRAK4,Q96FA3,293,S,FNTLAFPSMKRKDVV,HUMAN,PSP,TKL
Q9NWZ3,IRAK4,Q9NWZ3,152,S,YMPPDSSSPENKSLE,HUMAN,PSP,TKL
Q9NWZ3,IRAK4,Q9NWZ3,114,S,KTANTLPSKEAITVQ,HUMAN,PSP,TKL
Q9NWZ3,IRAK4,Q96FA3,76,S,ISNKDQHSISYTLSR,HUMAN,PSP,TKL
Q9NWZ3,IRAK4,Q9NWZ3,150,S,QSYMPPDSSSPENKS,HUMAN,PSP,TKL
Q9NWZ3,IRAK4,P14598,359,S,EERQTQRSKPQPAVP,HUMAN,PSP,TKL
Q8R4K2,IRAK4,Q62406,209,T,FCEISQGTCNFSEEL,MOUSE,Uniprot,TKL
P11346,RAF,Q24324,237,S,VSGQLIDSMANSFVG,DROME,Uniprot,TKL
P11346,RAF,Q24324,241,S,LIDSMANSFVGTRSY,DROME,Uniprot,TKL
Q8IVT5,KSR,P04049,269,T,NVHMVSTTLPVDSRM,HUMAN,PSP,TKL
Q8IVT5,KSR1,P04049,269,T,NVHMVSTTLPVDSRM,HUMAN,PhosphoELM,TKL
Q6VAB6,KSR2,P29678,24,S,GSAVNGTSSAETNLE,HUMAN,PSP,TKL
Q6VAB6,KSR2,P29678,72,S,DDDFEKISELGAGNG,HUMAN,PSP,TKL
Q6VAB6,KSR2,P29678,218,S,VSGQLIDSMANSFVG,HUMAN,PSP,TKL
Q6VAB6,KSR2,P29678,222,S,LIDSMANSFVGTRSY,HUMAN,PSP,TKL
Q8IR79,LIMK1,P45594,3,S,*****MASGVTVSDV,DROME,PhosphoELM,TKL
P53667,LIMK1,P60981,3,S,*****MASGVQVADE,HUMAN,PSP,TKL
P53667,LIMK1,P45592,3,S,*****MASGVAVSDG,HUMAN,PSP,TKL
P53667,LIMK1,P23528,3,S,*****MASGVAVSDG,HUMAN,PSP,TKL
P53667,LIMK1,Q9Y281,3,S,*****MASGVTVNDE,HUMAN,PhosphoELM,TKL
P53669,LIMK1,P45592,3,S,*****MASGVAVSDG,RAT,PSP,TKL
P53669,LIMK1,P23528,3,S,*****MASGVAVSDG,RAT,PSP,TKL
P53671,LIMK2,P60981,3,S,*****MASGVQVADE,HUMAN,PSP,TKL
P53671,LIMK2,P45592,3,S,*****MASGVAVSDG,HUMAN,PSP,TKL
P53671,LIMK2,P23528,3,S,*****MASGVAVSDG,HUMAN,PSP,TKL
Q38SD2,LRRK1,P30622-2,36,T,VVAPVEKTISSEKAS,HUMAN,PSP,TKL
Q38SD2,LRRK1,P30622-2,1225,S,ASAKSLHSVVQTLES,HUMAN,PSP,TKL
Q38SD2,LRRK1,P30622-2,191,T,PISNLTKTASESISN,HUMAN,PSP,TKL
Q38SD2,LRRK1,P30622-2,13,T,PSGLKAPTKILKPGS,HUMAN,PSP,TKL
Q38SD2,LRRK1,P30622-2,1318,S,DDLNNYDSDDQEKQS,HUMAN,PSP,TKL
Q38SD2,LRRK1,P30622-2,1384,T,EMFGHWATNCNDDET,HUMAN,PSP,TKL
Q38SD2,LRRK1,P30622-2,1099,T,NKSKELLTVENQKME,HUMAN,PSP,TKL
Q38SD2,LRRK1,P30622-2,459,T,KGDLEVATVSEKSRI,HUMAN,PSP,TKL
Q38SD2,LRRK1,P30622-2,1190,S,ASLQKSISITSALLT,HUMAN,PSP,TKL
Q38SD2,LRRK1,Q96SN8,102,T,PTEHIYKTNIELKVE,HUMAN,PSP,TKL
Q38SD2,LRRK1,Q96SN8,140,S,SLAEAGGSEIQRVKE,HUMAN,PSP,TKL
Q38SD2,LRRK1,P30622-2,1188,S,EKASLQKSISITSAL,HUMAN,PSP,TKL
Q38SD2,LRRK1,P30622-2,27,T,STALKTPTAVVAPVE,HUMAN,PSP,TKL
Q5S007,LRRK2,P61026,73,T,AGQERFHTITTSYYR,HUMAN,Uniprot,TKL
Q5S007,LRRK2,Q6IQ22,106,S,AGQERFNSITSAYYR,HUMAN,Uniprot,TKL
Q5S007,LRRK2,Q15286,72,T,AGQERFRTITSTYYR,HUMAN,Uniprot,TKL
Q5S007,LRRK2,P20336,86,T,AGQERYRTITTAYYR,HUMAN,Uniprot,TKL
Q5S007,LRRK2,P20337,86,T,AGQERYRTITTAYYR,HUMAN,Uniprot,TKL
Q5S007,LRRK2,Q96E17,94,T,AGQERYRTITTAYYR,HUMAN,Uniprot,TKL
Q5S007,LRRK2,O95716,86,T,AGQERYRTITTAYYR,HUMAN,Uniprot,TKL
Q5S007,LRRK2,Q86YS6,82,T,AGQERFRTITQSYYR,HUMAN,Uniprot,TKL
Q5S007,LRRK2,P20339,84,S,AGQERYHSLAPMYYR,HUMAN,Uniprot,TKL
Q5S007,LRRK2,P61020,84,S,AGQERYHSLAPMYYR,HUMAN,Uniprot,TKL
Q5S007,LRRK2,P51148,85,S,AGQERYHSLAPMYYR,HUMAN,Uniprot,TKL
Q5S007,LRRK2,O14966,71,T,IAGQERFTSMTRLYY,HUMAN,Uniprot,TKL
Q5S007,LRRK2,O14966,72,S,AGQERFTSMTRLYYR,HUMAN,Uniprot,TKL
Q5S007,LRRK2,P61006,72,T,AGQERFRTITTAYYR,HUMAN,Uniprot,TKL
Q5S007,LRRK2,Q92930,72,T,AGQERFRTITTAYYR,HUMAN,Uniprot,TKL
Q5S007,LRRK2,P10636-8,231,T,KKVAVVRTPPKSPSS,HUMAN,PSP,TKL
Q5S007,LRRK2,Q5S007,2031,T,CCRMGIKTSEGTPGF,HUMAN,PSP,TKL
Q5S007,LRRK2,Q5S007,424,T,ASANALSTLLEQNVN,HUMAN,PSP,TKL
Q5S007,LRRK2,P35241,564,T,AGRDKYKTLRQIRQG,HUMAN,PSP,TKL
Q5S007,LRRK2,Q5S007,1967,T,QQDKASLTRTLQHRI,HUMAN,PSP,TKL
Q5S007,LRRK2,O75061,570,S,SATSTSASPTLRVGE,HUMAN,PSP,TKL
Q5S007,LRRK2,Q5S007,1485,Y,GFPAIRDYHFVNATE,HUMAN,PSP,TKL
Q5S007,LRRK2,Q2T9S0,107,T,NWAKGHYTEGAELVD,HUMAN,PSP,TKL
Q5S007,LRRK2,Q5S007,1402,Y,FAGREEFYSTHPHFM,HUMAN,PSP,TKL
Q5S007,LRRK2,P15311,567,T,QGRDKYKTLRQIRQG,HUMAN,PSP,TKL
Q5S007,LRRK2,Q5S007,1853,S,PRLTIPISQIAPDLI,HUMAN,PSP,TKL
Q5S007,LRRK2,Q5S007,1503,T,ALAKLRKTIINESLN,HUMAN,PSP,TKL
Q5S007,LRRK2,P61020,6,T,**MTSRSTARPNGQP,HUMAN,PSP,TKL
Q5S007,LRRK2,Q5S007,955,S,RKRKILSSDDSLRSS,HUMAN,PSP,TKL
Q5S007,LRRK2,Q5S007,1292,S,PNEMGKLSKIWDLPL,HUMAN,PSP,TKL
Q5S007,LRRK2,Q5S007,1404,T,GREEFYSTHPHFMTQ,HUMAN,PSP,TKL
Q5S007,LRRK2,Q99683,838,T,GINPCTETFTGTLQY,HUMAN,PSP,TKL
Q5S007,LRRK2,Q5S007,973,S,SHMRHSDSISSLASE,HUMAN,PSP,TKL
Q5S007,LRRK2,Q5S007,838,T,KQTNIASTLARMVIR,HUMAN,PSP,TKL
Q5S007,LRRK2,Q63481,72,S,AGQERFTSMTRLYYR,HUMAN,PSP,TKL
Q5S007,LRRK2,P31749,473,S,RPHFPQFSYSASGTA,HUMAN,PSP,TKL
Q5S007,LRRK2,Q5S007,1457,S,VGTHLDVSDEKQRKA,HUMAN,PSP,TKL
Q5S007,LRRK2,Q5S007,1491,T,DYHFVNATEESDALA,HUMAN,PSP,TKL
Q5S007,LRRK2,Q5S007,1443,S,FNIKARASSSPVILV,HUMAN,PSP,TKL
Q5S007,LRRK2,P10636-8,263,T,VKSKIGSTENLKHQP,HUMAN,PSP,TKL
Q5S007,LRRK2,P46459,645,T,RKLLIIGTTSRKDVL,HUMAN,PSP,TKL
Q5S007,LRRK2,Q5S007,1470,T,KACMSKITKELLNKR,HUMAN,PSP,TKL
Q5S007,LRRK2,O00429,595,T,NWRGMLKTSKAEELL,HUMAN,PSP,TKL
Q5S007,LRRK2,Q5S007,1343,T,KLMIVGNTGSGKTTL,HUMAN,PSP,TKL
Q5S007,LRRK2,Q5S007,1969,T,DKASLTRTLQHRIAL,HUMAN,PSP,TKL
Q5S007,LRRK2,Q5S007,1253,S,RVEKLHLSHNKLKEI,HUMAN,PSP,TKL
Q5S007,LRRK2,Q5S007,1345,S,MIVGNTGSGKTTLLQ,HUMAN,PSP,TKL
Q5S007,LRRK2,Q5S007,935,S,NLQRHSNSLGPIFDH,HUMAN,PSP,TKL
Q5S007,LRRK2,P10636-8,153,T,DGKTKIATPRGAAPP,HUMAN,PSP,TKL
Q5S007,LRRK2,P05067,743,T,VEVDAAVTPEERHLS,HUMAN,PSP,TKL
Q5S007,LRRK2,P10636-8,149,T,AKGADGKTKIATPRG,HUMAN,PSP,TKL
Q5S007,LRRK2,Q6B856,107,T,NWAKGHYTEGAELVD,HUMAN,PSP,TKL
Q5S007,LRRK2,Q5S007,2032,S,CRMGIKTSEGTPGFR,HUMAN,PSP,TKL
Q5S007,LRRK2,Q99683,825,T,LKISDFGTSKRLAGI,HUMAN,PSP,TKL
Q5S007,LRRK2,Q13501,138,T,CNGPVVGTRYKCSVC,HUMAN,PSP,TKL
Q5S007,LRRK2,Q5S007,1913,S,KIFNKHTSLRLLRQE,HUMAN,PSP,TKL
Q5S007,LRRK2,Q5S007,1444,S,NIKARASSSPVILVG,HUMAN,PSP,TKL
Q5S007,LRRK2,P62280,28,T,KRVLLGETGKEKLPR,HUMAN,PSP,TKL
Q5S007,LRRK2,Q5S007,2524,T,LAEKMRRTSVE****,HUMAN,PSP,TKL
Q5S007,LRRK2,Q5S007,776,T,QDVRKALTISIGKGD,HUMAN,PSP,TKL
Q5S007,LRRK2,Q5S007,1452,T,SPVILVGTHLDVSDE,HUMAN,PSP,TKL
Q5S007,LRRK2,Q5S007,1283,S,SYNLELRSFPNEMGK,HUMAN,PSP,TKL
Q5S007,LRRK2,Q5S007,1368,T,DLGMQSATVGIDVKD,HUMAN,PSP,TKL
Q5S007,LRRK2,Q5S007,1410,T,STHPHFMTQRALYLA,HUMAN,PSP,TKL
Q5S007,LRRK2,Q5S007,1612,T,KIMAQILTVKVEGCP,HUMAN,PSP,TKL
Q5S007,LRRK2,Q5S007,1403,S,AGREEFYSTHPHFMT,HUMAN,PSP,TKL
Q5S007,LRRK2,Q5S007,910,S,LVKKKSNSISVGEFY,HUMAN,PSP,TKL
Q5S007,LRRK2,Q5S007,1467,S,KQRKACMSKITKELL,HUMAN,PSP,TKL
Q5S007,LRRK2,Q5S007,1849,T,NPDQPRLTIPISQIA,HUMAN,PSP,TKL
Q5S007,LRRK2,P04637,377,T,KSKKGQSTSRHKKLM,HUMAN,PSP,TKL
Q5S007,LRRK2,Q5S007,1357,T,LLQQLMKTKKSDLGM,HUMAN,PSP,TKL
Q5S007,LRRK2,Q9P2J5,293,T,NIFLVAATLRPETMF,HUMAN,PSP,TKL
Q5S007,LRRK2,P62280,46,T,NIGLGFKTPKEAIEG,HUMAN,PSP,TKL
Q5S007,LRRK2,Q5S007,2257,S,CNSFSKQSKQKNFLL,HUMAN,PSP,TKL
Q5S007,LRRK2,Q5S007,524,T,PEESREDTEFHHKLN,HUMAN,PSP,TKL
Q5S007,LRRK2,Q5S007,2483,T,NRKNTEGTQKQKEIQ,HUMAN,PSP,TKL
Q5S007,LRRK2,Q8BH43,96,T,VSLQGINTRKAFRSS,HUMAN,PSP,TKL
Q5S007,LRRK2,P04637,304,T,HELPPGSTKRALPNN,HUMAN,PSP,TKL
Q5S007,LRRK2,Q5S007,1912,T,VKIFNKHTSLRLLRQ,HUMAN,PSP,TKL
Q5S007,LRRK2,P10636-8,169,T,QKGQANATRIPAKTP,HUMAN,PSP,TKL
Q5S007,LRRK2,Q3MHM5,107,T,NWAKGHYTEGAELVD,HUMAN,PSP,TKL
Q5S007,LRRK2,Q5S007,1348,T,GNTGSGKTTLLQQLM,HUMAN,PSP,TKL
Q5S007,LRRK2,Q5S007,1124,S,NKISGICSPLRLKEL,HUMAN,PSP,TKL
Q5S007,LRRK2,P09951,339,T,SGNWKTNTGSAMLEQ,HUMAN,PSP,TKL
Q5S007,LRRK2,P10636-8,181,T,KTPPAPKTPPSSGEP,HUMAN,PSP,TKL
Q5S007,LRRK2,P62841,136,T,GRPGIGATHSSRFIP,HUMAN,PSP,TKL
Q5S007,LRRK2,Q5S007,833,T,TSNLRKQTNIASTLA,HUMAN,PSP,TKL
Q5S007,LRRK2,Q5S007,5,S,***MASGSCQGCEED,HUMAN,PSP,TKL
Q5S007,LRRK2,Q5S007,1332,Y,RLKKAVPYNRMKLMI,HUMAN,PSP,TKL
Q5S007,LRRK2,Q5S007,2035,T,GIKTSEGTPGFRAPE,HUMAN,PSP,TKL
Q5S007,LRRK2,P26038,558,T,LGRDKYKTLRQIRQG,HUMAN,PSP,TKL
Q5S007,LRRK2,Q5S007,1445,S,IKARASSSPVILVGT,HUMAN,PSP,TKL
Q5S007,LRRK2,P55258,72,T,AGQERFRTITTAYYR,HUMAN,PSP,TKL
Q5S007,LRRK2,Q3ZBU7,107,T,NWAKGHYTEGAELVD,HUMAN,PSP,TKL
Q5S007,LRRK2,P10636-8,212,T,TPGSRSRTPSLPTPP,HUMAN,PSP,TKL
Q5S007,LRRK2,Q5S007,1647,S,KFPKNYMSQYFKLLE,HUMAN,PSP,TKL
Q5S007,LRRK2,Q5S007,1508,S,RKTIINESLNFKIRD,HUMAN,PSP,TKL
Q5S007,LRRK2,Q5S007,826,T,GPLFPDKTSNLRKQT,HUMAN,PSP,TKL
Q5S007,LRRK2,P09951,337,T,SVSGNWKTNTGSAML,HUMAN,PSP,TKL
Q5S007,LRRK2,Q5S006,1292,S,PNEMGKLSKIWDLPL,HUMAN,PSP,TKL
Q5S007,LRRK2,Q2KJD0,107,T,NWAKGHYTEGAELVD,HUMAN,PSP,TKL
Q5S007,LRRK2,Q8BH43,470,T,VVGNDVATILSRRIA,HUMAN,PSP,TKL
Q5S007,LRRK2,O95295,117,T,NHSVAKETARRRAML,HUMAN,PSP,TKL
Q5S007,LRRK2,P10636-8,205,T,SSPGSPGTPGSRSRT,HUMAN,PSP,TKL
Q5S007,LRRK2,Q5S007,1536,S,ELEKIILSERKNVPI,HUMAN,PSP,TKL
Q5S007,LRRK2,P62280,54,T,PKEAIEGTYIDKKCP,HUMAN,PSP,TKL
Q5S007,LRRK2,Q5S007,3,S,*****MASGSCQGCE,HUMAN,PSP,TKL
Q5S006,LRRK2,P12023,743,T,VEVDAAVTPEERHLS,MOUSE,Uniprot,TKL
Q5S006,LRRK2,P61027,73,T,AGQERFHTITTSYYR,MOUSE,Uniprot,TKL
Q5S006,LRRK2,P35283,105,S,AGQERFNSITSAYYR,MOUSE,Uniprot,TKL
Q5S006,LRRK2,Q6PHN9,72,T,AGQERFRTITSTYYR,MOUSE,Uniprot,TKL
Q5S006,LRRK2,P63011,86,T,AGQERYRTITTAYYR,MOUSE,Uniprot,TKL
Q5S006,LRRK2,Q9CZT8,86,T,AGQERYRTITTAYYR,MOUSE,Uniprot,TKL
Q5S006,LRRK2,P62823,86,T,IKLQIWDTAGQERYR,MOUSE,Uniprot,TKL
Q5S006,LRRK2,P35276,86,T,AGQERYRTITTAYYR,MOUSE,Uniprot,TKL
Q5S006,LRRK2,Q8CG50,80,T,AGQERFRTITQSYYR,MOUSE,Uniprot,TKL
Q5S006,LRRK2,P55258,72,T,AGQERFRTITTAYYR,MOUSE,Uniprot,TKL
Q5S006,LRRK2,P61028,72,T,AGQERFRTITTAYYR,MOUSE,Uniprot,TKL
Q5S006,LRRK2,P09951,339,T,SGNWKTNTGSAMLEQ,MOUSE,PSP,TKL
Q5S006,LRRK2,P09951,337,T,SVSGNWKTNTGSAML,MOUSE,PSP,TKL
Q02779,MAP3K10,Q92630,381,T,YEHQRVYTYIQSRFY,HUMAN,Uniprot,TKL
Q02779,MAP3K10,Q92630,449,S,SQKLLDASKRAKNFV,HUMAN,Uniprot,TKL
Q02779,MLK2,Q92630,381,T,YEHQRVYTYIQSRFY,HUMAN,PSP,TKL
Q02779,MLK2,P15923,379,S,AGAPGALSPSYDGGL,HUMAN,PSP,TKL
Q02779,MLK2,P15923,355,T,NFSSSPSTPVGSPQG,HUMAN,PSP,TKL
Q02779,MLK2,P15923,359,S,SPSTPVGSPQGLAGT,HUMAN,PSP,TKL
Q02779,MLK2,P15923,341,S,KALASIYSPDHSSNN,HUMAN,PSP,TKL
Q02779,MLK2,P15923,352,S,SSNNFSSSPSTPVGS,HUMAN,PSP,TKL
Q02779,MLK2,Q92630,449,S,SQKLLDASKRAKNFV,HUMAN,PSP,TKL
Q02779,MAP3K10,P15923,359,S,SPSTPVGSPQGLAGT,HOMO SAPIENS,GPS,TKL
Q02779,MAP3K10,P15923,352,S,SSNNFSSSPSTPVGS,HOMO SAPIENS,GPS,TKL
Q02779,MAP3K10,P15923,379,S,AGAPGALSPSYDGGL,HOMO SAPIENS,GPS,TKL
Q02779,MAP3K10,P15923,341,S,KALASIYSPDHSSNN,HOMO SAPIENS,GPS,TKL
Q02779,MAP3K10,P15923,355,T,NFSSSPSTPVGSPQG,HOMO SAPIENS,GPS,TKL
Q66L42,MAP3K10,Q5U4C9,379,T,YEHQRVYTYIQSRFY,MOUSE,Uniprot,TKL
Q66L42,MAP3K10,Q5U4C9,447,S,SQKLLDASKRAKNFV,MOUSE,Uniprot,TKL
Q16584,MLK3,Q13526,138,S,QKPFEDASFALRTGE,HUMAN,PSP,TKL
Q16584,MLK3,Q13131,183,T,SDGEFLRTSCGSPNY,HUMAN,PSP,TKL
Q16584,MLK3,Q16584,277,T,LAREWHKTTQMSAAG,HUMAN,PSP,TKL
Q16584,MLK3,Q13153,204,S,TKSVYTRSVIEPLPV,HUMAN,PSP,TKL
Q16584,MLK3,Q13153,133,S,DVLEFYNSKKTSNSQ,HUMAN,PSP,TKL
Q16584,MLK3,P45985,257,S,ISGQLVDSIAKTRDA,HUMAN,PSP,TKL
Q16584,MLK3,P28740-1,245,T,TRYLENQTFRFDYAF,HUMAN,PSP,TKL
Q16584,MLK3,Q16584,281,S,WHKTTQMSAAGTYAW,HUMAN,PSP,TKL
Q16584,MLK3,P46734,218,S,ISGYLVDSVAKTMDA,HUMAN,PSP,TKL
Q16584,MLK3,P47809,259,T,LVDSIAKTRDAGCRP,HUMAN,PSP,TKL
Q16584,MLK3,P47809,255,S,ISGQLVDSIAKTRDA,HUMAN,PSP,TKL
Q16584,MLK3,P46734,222,T,LVDSVAKTMDAGCKP,HUMAN,PSP,TKL
Q16584,MLK3,P45985,261,T,LVDSIAKTRDAGCRP,HUMAN,PSP,TKL
Q16584,M3K11,P45985,261,T,LVDSIAKTRDAGCRP,HUMAN,PhosphoELM,TKL
Q16584,M3K11,Q16584,277,T,LAREWHKTTQMSAAG,HUMAN,PhosphoELM,TKL
Q16584,M3K11,Q16584,281,S,WHKTTQMSAAGTYAW,HUMAN,PhosphoELM,TKL
Q16584,MAP3K11,Q13131,183,T,SDGEFLRTSCGSPNY,HOMO SAPIENS,GPS,TKL
Q16584,MAP3K11,P46734,222,T,LVDSVAKTMDAGCKP,HOMO SAPIENS,GPS,TKL
Q16584,MAP3K11,P45985,257,S,ISGQLVDSIAKTRDA,HOMO SAPIENS,GPS,TKL
Q16584,MAP3K11,P28740-1,245,T,TRYLENQTFRFDYAF,HOMO SAPIENS,GPS,TKL
Q16584,MAP3K11,P46734,218,S,ISGYLVDSVAKTMDA,HOMO SAPIENS,GPS,TKL
Q16584,MAP3K11,Q13526,138,S,QKPFEDASFALRTGE,HOMO SAPIENS,GPS,TKL
Q16584,MAP3K11,P45985,261,T,LVDSIAKTRDAGCRP,HOMO SAPIENS,GPS,TKL
Q16584,MAP3K11,Q16584,277,T,LAREWHKTTQMSAAG,HOMO SAPIENS,GPS,TKL
Q16584,MAP3K11,P47809,259,T,LVDSIAKTRDAGCRP,HOMO SAPIENS,GPS,TKL
Q16584,MAP3K11,P47809,255,S,ISGQLVDSIAKTRDA,HOMO SAPIENS,GPS,TKL
Q16584,MAP3K11,Q16584,281,S,WHKTTQMSAAGTYAW,HOMO SAPIENS,GPS,TKL
Q12852,DLK,Q6LED0,11,T,KQTARKSTGGKAPRK,HUMAN,PSP,TKL
Q12852,DLK,O14950,20,S,KRPQRATSNVFAMFD,HUMAN,PSP,TKL
Q12852,DLK,O14950,19,T,KKRPQRATSNVFAMF,HUMAN,PSP,TKL
Q12852,MAP3K12,O14950,20,S,KRPQRATSNVFAMFD,HOMO SAPIENS,GPS,TKL
Q12852,MAP3K12,O14950,19,T,KKRPQRATSNVFAMF,HOMO SAPIENS,GPS,TKL
Q12852,MAP3K12,Q6LED0,11,T,KQTARKSTGGKAPRK,HOMO SAPIENS,GPS,TKL
Q60700,DLK,P47809,259,T,LVDSIAKTRDAGCRP,MOUSE,PSP,TKL
Q60700,DLK,P47809,255,S,ISGQLVDSIAKTRDA,MOUSE,PSP,TKL
Q60700,MAP3K12,P47809,259,T,LVDSIAKTRDAGCRP,MUS MUSCULUS,GPS,TKL
Q60700,MAP3K12,P47809,255,S,ISGQLVDSIAKTRDA,MUS MUSCULUS,GPS,TKL
O43283,LZK,Q14258,12,S,CPLAEELSCSICLEP,HUMAN,PSP,TKL
Q9NYL2,MAP3K20,O96017,68,T,SSLETVSTQELYSIP,HUMAN,Uniprot,TKL
Q9NYL2,ZAK,P68431,28,S,ATKAARKSAPATGGV,HUMAN,PSP,TKL
Q9NYL2,ZAK,Q9NYL2,162,T,SRFHNHTTHMSLVGT,HUMAN,PSP,TKL
Q9NYL2,ZAK,Q9NYL2,165,S,HNHTTHMSLVGTFPW,HUMAN,PSP,TKL
Q9NYL2,ZAK,O96017,68,T,SSLETVSTQELYSIP,HUMAN,PSP,TKL
Q9NYL2,ZAK,Q9NYL2,161,T,ASRFHNHTTHMSLVG,HUMAN,PSP,TKL
Q9NYL2,MLTK,P46379,1080,T,AAGARPLTSPESLSR,HOMO SAPIENS,GPS,TKL
Q9NYL2,MLTK,Q9HDD2,161,T,ASRFHNHTTHMSLVG,HOMO SAPIENS,GPS,TKL
Q9NYL2,MLTK,Q9UGF0,68,T,SSLETVSTQELYSIP,HOMO SAPIENS,GPS,TKL
Q9NYL2,MLTK,Q9HDD2,165,S,HNHTTHMSLVGTFPW,HOMO SAPIENS,GPS,TKL
Q9ESL4,MAP3K20,Q9Z265,68,T,SSHSSSGTLSSLETV,MOUSE,Uniprot,TKL
Q9ESL4,MAP3K20,Q9Z265,77,T,SSLETVSTQELCSIP,MOUSE,Uniprot,TKL
O43318,MAP3K7,Q13546,320,S,AVVKRMQSLQLDCVA,HUMAN,Uniprot,TKL
O43318,MAP3K7,Q13546,331,S,DCVAVPSSRSNSATE,HUMAN,Uniprot,TKL
O43318,MAP3K7,Q13546,333,S,VAVPSSRSNSATEQP,HUMAN,Uniprot,TKL
O43318,TAK1,Q6IN33,94,S,QTLHIGSSHLAPPNP,HUMAN,PSP,TKL
O43318,TAK1,P68363,334,T,DVNAAIATIKTKRSI,HUMAN,PSP,TKL
O43318,TAK1,Q6IN33,136,S,YDLLYAISKLGPGEK,HUMAN,PSP,TKL
O43318,TAK1,P26045,359,S,PAMRRSLSVEHLETK,HUMAN,PSP,TKL
O43318,TAK1,P23588,230,S,KYRDRYDSDRYRDGY,HUMAN,PSP,TKL
O43318,TAK1,P22626,176,T,IVLQKYHTINGHNAE,HUMAN,PSP,TKL
O43318,TAK1,P21333,1286,T,SVDARALTQTGGPHV,HUMAN,PSP,TKL
O43318,TAK1,P38159,216,T,PRDDGYSTKDSYSSR,HUMAN,PSP,TKL
O43318,TAK1,O43318,184,T,GTACDIQTHMTNNKG,HUMAN,PSP,TKL
O43318,TAK1,Q15750,452,S,STNTHTQSSSSSSDG,HUMAN,PSP,TKL
O43318,TAK1,O43318,192,S,HMTNNKGSAAWMAPE,HUMAN,PSP,TKL
O43318,TAK1,Q99959,82,S,GNLHRTSSVPEYVYN,HUMAN,PSP,TKL
O43318,TAK1,Q15750,456,S,HTQSSSSSSDGGLFR,HUMAN,PSP,TKL
O43318,TAK1,P14625,674,S,YQTGKDISTNYYASQ,HUMAN,PSP,TKL
O43318,TAK1,P14625,669,T,MKAQAYQTGKDISTN,HUMAN,PSP,TKL
O43318,TAK1,P14625,675,T,QTGKDISTNYYASQK,HUMAN,PSP,TKL
O43318,TAK1,P62820,75,T,AGQERFRTITSSYYR,HUMAN,PSP,TKL
O43318,TAK1,P61006,72,T,AGQERFRTITTAYYR,HUMAN,PSP,TKL
O43318,TAK1,P30307,216,S,SGLYRSPSMPENLNR,HUMAN,PSP,TKL
O43318,TAK1,Q60855,321,S,PVLQRMFSLQHDCVP,HUMAN,PSP,TKL
O43318,TAK1,P49005,33,T,RVPVATYTNSSQPFR,HUMAN,PSP,TKL
O43318,TAK1,Q8WUI4,155,S,FPLRKTVSEPNLKLR,HUMAN,PSP,TKL
O43318,TAK1,P56524,246,S,FPLRKTASEPNLKLR,HUMAN,PSP,TKL
O43318,TAK1,P52564,207,S,ISGYLVDSVAKTIDA,HUMAN,PSP,TKL
O43318,TAK1,P52564,211,T,LVDSVAKTIDAGCKP,HUMAN,PSP,TKL
O43318,TAK1,P07437,166,T,YPDRIMNTFSVVPSP,HUMAN,PSP,TKL
O43318,TAK1,Q8IVT5,406,S,TRLRRTESVPSDINN,HUMAN,PSP,TKL
O43318,TAK1,Q15750,457,S,TQSSSSSSDGGLFRS,HUMAN,PSP,TKL
O43318,TAK1,Q6P589,3,S,*****MESFSSKSLA,HUMAN,PSP,TKL
O43318,TAK1,O43318,187,T,CDIQTHMTNNKGSAA,HUMAN,PSP,TKL
O43318,TAK1,Q15750,453,S,TNTHTQSSSSSSDGG,HUMAN,PSP,TKL
O43318,TAK1,Q14C86,1013,T,LGPDRFSTLTDDPSP,HUMAN,PSP,TKL
O43318,TAK1,P54646,172,T,SDGEFLRTSCGSPNY,HUMAN,PSP,TKL
O43318,TAK1,Q14C86,1012,S,DLGPDRFSTLTDDPS,HUMAN,PSP,TKL
O43318,TAK1,Q01094,337,S,IVSPPPSSPPSSLTT,HUMAN,PSP,TKL
O43318,TAK1,Q5SQI0,237,S,GDIKPYSSSDREFLK,HUMAN,PSP,TKL
O43318,TAK1,Q9UQL6,259,S,FPLRKTASEPNLKVR,HUMAN,PSP,TKL
O43318,TAK1,O43318,178,T,LKICDFGTACDIQTH,HUMAN,PSP,TKL
O43318,TAK1,P68104,261,T,YKIGGIGTVPVGRVE,HUMAN,PSP,TKL
O43318,TAK1,P00338,3,T,*****MATLKDQLIY,HUMAN,PSP,TKL
O43318,M3K7,O43318,187,T,CDIQTHMTNNKGSAA,HUMAN,PhosphoELM,TKL
O43318,M3K7,O43318,184,T,GTACDIQTHMTNNKG,HUMAN,PhosphoELM,TKL
O43318,M3K7,O43318,192,S,HMTNNKGSAAWMAPE,HUMAN,PhosphoELM,TKL
O43318,MAP3K7,P52564,207,S,ISGYLVDSVAKTIDA,HOMO SAPIENS,GPS,TKL
O43318,MAP3K7,Q6IN33,94,S,QTLHIGSSHLAPPNP,HOMO SAPIENS,GPS,TKL
O43318,MAP3K7,P22626,176,T,IVLQKYHTINGHNAE,HOMO SAPIENS,GPS,TKL
O43318,MAP3K7,Q9NTR3,192,S,HMTNNKGSAAWMAPE,HOMO SAPIENS,GPS,TKL
O43318,MAP3K7,P68363,334,T,DVNAAIATIKTKRSI,HOMO SAPIENS,GPS,TKL
O43318,MAP3K7,P00338,3,T,*****MATLKDQLIY,HOMO SAPIENS,GPS,TKL
O43318,MAP3K7,P14625,674,S,YQTGKDISTNYYASQ,HOMO SAPIENS,GPS,TKL
O43318,MAP3K7,P07437,166,T,YPDRIMNTFSVVPSP,HOMO SAPIENS,GPS,TKL
O43318,MAP3K7,P23588,230,S,KYRDRYDSDRYRDGY,HOMO SAPIENS,GPS,TKL
O43318,MAP3K7,P52564,211,T,LVDSVAKTIDAGCKP,HOMO SAPIENS,GPS,TKL
O43318,MAP3K7,Q15750,452,S,STNTHTQSSSSSSDG,HOMO SAPIENS,GPS,TKL
O43318,MAP3K7,P14625,675,T,QTGKDISTNYYASQK,HOMO SAPIENS,GPS,TKL
O43318,MAP3K7,P68104,261,T,YKIGGIGTVPVGRVE,HOMO SAPIENS,GPS,TKL
O43318,MAP3K7,P38159,216,T,PRDDGYSTKDSYSSR,HOMO SAPIENS,GPS,TKL
O43318,MAP3K7,P21333,1286,T,SVDARALTQTGGPHV,HOMO SAPIENS,GPS,TKL
O43318,MAP3K7,P54646,172,T,SDGEFLRTSCGSPNY,HOMO SAPIENS,GPS,TKL
O43318,MAP3K7,Q14C86,1013,T,LGPDRFSTLTDDPSP,HOMO SAPIENS,GPS,TKL
O43318,MAP3K7,P62820,75,T,AGQERFRTITSSYYR,HOMO SAPIENS,GPS,TKL
O43318,MAP3K7,Q01094,337,S,IVSPPPSSPPSSLTT,HOMO SAPIENS,GPS,TKL
O43318,MAP3K7,O43318,184,T,GTACDIQTHMTNNKG,HOMO SAPIENS,GPS,TKL
O43318,MAP3K7,P26045,359,S,PAMRRSLSVEHLETK,HOMO SAPIENS,GPS,TKL
O43318,MAP3K7,Q9NTR3,187,T,CDIQTHMTNNKGSAA,HOMO SAPIENS,GPS,TKL
O43318,MAP3K7,O43318,178,T,LKICDFGTACDIQTH,HOMO SAPIENS,GPS,TKL
O43318,MAP3K7,Q15750,453,S,TNTHTQSSSSSSDGG,HOMO SAPIENS,GPS,TKL
O43318,MAP3K7,Q5SQI0,237,S,GDIKPYSSSDREFLK,HOMO SAPIENS,GPS,TKL
O43318,MAP3K7,Q8IVT5,406,S,TRLRRTESVPSDINN,HOMO SAPIENS,GPS,TKL
O43318,MAP3K7,Q15750,456,S,HTQSSSSSSDGGLFR,HOMO SAPIENS,GPS,TKL
O43318,MAP3K7,Q15750,457,S,TQSSSSSSDGGLFRS,HOMO SAPIENS,GPS,TKL
O43318,MAP3K7,Q9UQL6,259,S,FPLRKTASEPNLKVR,HOMO SAPIENS,GPS,TKL
O43318,MAP3K7,P49005,33,T,RVPVATYTNSSQPFR,HOMO SAPIENS,GPS,TKL
O43318,MAP3K7,P56524,246,S,FPLRKTASEPNLKLR,HOMO SAPIENS,GPS,TKL
O43318,MAP3K7,O43318,192,S,HMTNNKGSAAWMAPE,HOMO SAPIENS,GPS,TKL
O43318,MAP3K7,P14625,669,T,MKAQAYQTGKDISTN,HOMO SAPIENS,GPS,TKL
O43318,MAP3K7,Q14C86,1012,S,DLGPDRFSTLTDDPS,HOMO SAPIENS,GPS,TKL
O43318,MAP3K7,Q6IN33,136,S,YDLLYAISKLGPGEK,HOMO SAPIENS,GPS,TKL
O43318,MAP3K7,Q8WUI4,155,S,FPLRKTVSEPNLKLR,HOMO SAPIENS,GPS,TKL
Q62073,MAP3K7,Q60855,321,S,PVLQRMFSLQHDCVP,MOUSE,Uniprot,TKL
Q62073,MAP3K7,Q60855,332,S,DCVPLPPSRSNSEQP,MOUSE,Uniprot,TKL
Q62073,MAP3K7,Q60855,334,S,VPLPPSRSNSEQPGS,MOUSE,Uniprot,TKL
Q62073,TAK1,Q60855,321,S,PVLQRMFSLQHDCVP,MOUSE,PSP,TKL
Q62073,TAK1,Q60855,334,S,VPLPPSRSNSEQPGS,MOUSE,PSP,TKL
Q62073,TAK1,Q64337,351,S,SSKEVDPSTGELQSL,MOUSE,PSP,TKL
Q62073,TAK1,O43318,187,T,CDIQTHMTNNKGSAA,MOUSE,PSP,TKL
Q62073,TAK1,Q60855,332,S,DCVPLPPSRSNSEQP,MOUSE,PSP,TKL
Q62073,TAK1,Q61097,392,S,ARLRRTESVPSDINN,MOUSE,PSP,TKL
Q62073,TAK1,Q62073,192,S,HMTNNKGSAAWMAPE,MOUSE,PSP,TKL
Q62073,M3K7,Q62073,192,S,HMTNNKGSAAWMAPE,MOUSE,PhosphoELM,TKL
Q62073,MAP3K7,Q62073,192,S,HMTNNKGSAAWMAPE,MUS MUSCULUS,GPS,TKL
Q62073,MAP3K7,Q64337,351,S,SSKEVDPSTGELQSL,MUS MUSCULUS,GPS,TKL
Q62073,MAP3K7,O43318,187,T,CDIQTHMTNNKGSAA,MUS MUSCULUS,GPS,TKL
Q62073,MAP3K7,Q61097,392,S,ARLRRTESVPSDINN,MUS MUSCULUS,GPS,TKL
P80192,MAP3K9,P80192,304,T,LAREWHRTTKMSAAG,HOMO SAPIENS,GPS,TKL
P80192,MAP3K9,P80192,312,T,TKMSAAGTYAWMAPE,HOMO SAPIENS,GPS,TKL
P80192,MAP3K9,P80192,308,S,WHRTTKMSAAGTYAW,HOMO SAPIENS,GPS,TKL
Q9DF58,ILK,F1NA71,495,T,RLAYVAPTIPRRLAS,GALLUS GALLUS,GPS,TKL
Q9DF58,ILK,F1NA71,709,T,DLQEAEKTIGRSRST,GALLUS GALLUS,GPS,TKL
Q9DF58,ILK,F1NA71,695,T,ARQSRRSTQGVTLTD,GALLUS GALLUS,GPS,TKL
A7E3S4,RAF1,P13789,200,T,RKSGKRQTEREKKKK,BOVIN,Uniprot,TKL
P04049,RAF1,Q02750,218,S,VSGQLIDSMANSFVG,HUMAN,Uniprot,TKL
P04049,RAF1,Q02750,222,S,LIDSMANSFVGTRSY,HUMAN,Uniprot,TKL
P04049,RAF1,O14974,696,T,ARQSRRSTQGVTLTD,HUMAN,Uniprot,TKL
P04049,RAF1,P45379,213,T,RKSGKRQTEREKKKK,HUMAN,Uniprot,TKL
P04049,RAF1,P04049,621,S,PKINRSASEPSLHRA,HUMAN,PSP,TKL
P04049,RAF1,Q13118,93,T,TIPAFCLTPPYSPSD,HUMAN,PSP,TKL
P04049,RAF1,Q92934,75,S,EIRSRHSSYPAGTED,HUMAN,PSP,TKL
P04049,RAF1,AAA40678,746,S,ALQRLSRSIVRSRVH,HUMAN,PSP,TKL
P04049,RAF1,AAA40678,754,S,IVRSRVHSTAVGVFS,HUMAN,PSP,TKL
P04049,RAF1,Q92934,118,S,GRELRRMSDEFVDSF,HUMAN,PSP,TKL
P04049,RAF1,AAA40678,750,S,LSRSIVRSRVHSTAV,HUMAN,PSP,TKL
P04049,RAF1,P50753,214,T,RKSGKRQTEREKKKK,HUMAN,PSP,TKL
P04049,RAF1,P04049,359,S,STRIGSGSFGTVYKG,HUMAN,PSP,TKL
P04049,RAF1,Q61337,112,S,ETRSRHSSYPAGTEE,HUMAN,PSP,TKL
P04049,RAF1,Q05639,21,S,GHVDSGKSTTTGHLI,HUMAN,PSP,TKL
P04049,RAF1,P04049,259,S,SQRQRSTSTPNVHMV,HUMAN,PSP,TKL
P04049,RAF1,P01106,8,T,MPLNVSFTNRNYDLD,HUMAN,PSP,TKL
P04049,RAF1,P04049,338,S,RPRGQRDSSYYWEIE,HUMAN,PSP,TKL
P04049,RAF1,Q92934,99,S,PFRGRSRSAPPNLWA,HUMAN,PSP,TKL
P04049,RAF1,AAA40678,744,S,PNALQRLSRSIVRSR,HUMAN,PSP,TKL
P04049,RAF1,P04049,268,T,PNVHMVSTTLPVDSR,HOMO SAPIENS,GPS,TKL
P04049,RAF1,P36507,222,S,VSGQLIDSMANSFVG,HOMO SAPIENS,GPS,TKL
Q99N57,RAF1,Q61337,112,S,ETRSRHSSYPAGTEE,MOUSE,Uniprot,TKL
Q99N57,RAF1,Q9DBR7,694,T,ARQSRRSTQGVTLTD,MOUSE,Uniprot,TKL
Q99N57,RAF1,P50752,216,T,RKSGKRQTEREKKKK,MOUSE,Uniprot,TKL
Q99N57,RAF1,Q02750,222,S,LIDSMANSFVGTRSY,MOUSE,PSP,TKL
Q99N57,RAF1,Q02750,218,S,VSGQLIDSMANSFVG,MOUSE,PSP,TKL
Q99N57,RAF1,Q99N57,621,S,PKINRSASEPSLHRA,MOUSE,PSP,TKL
P11345,RAF1,Q10728,697,T,ARQSRRSTQGVTLTD,RAT,Uniprot,TKL
P11345,RAF1,P50753,214,T,RKSGKRQTEREKKKK,RAT,Uniprot,TKL
P11345,RAF1,Q01986,222,S,LIDSMANSFVGTRSY,RATTUS NORVEGICUS,GPS,TKL
P11345,RAF1,Q01986,218,S,VSGQLIDSMANSFVG,RATTUS NORVEGICUS,GPS,TKL
Q13546,RIPK1,Q5VWQ8,728,S,PSPARSSSYSEANEP,HUMAN,Uniprot,TKL
Q13546,RIPK1,Q13546,15,S,NVIKMKSSDFLESAE,HUMAN,PSP,TKL
Q13546,RIPK1,Q13546,166,S,LASFKMWSKLNNEEH,HUMAN,PSP,TKL
Q13546,RIPK1,Q13546,14,S,LNVIKMKSSDFLESA,HUMAN,PSP,TKL
Q13546,RIPK1,Q13546,20,S,KSSDFLESAELDSGG,HUMAN,PSP,TKL
Q13546,RIPK1,Q13546,161,S,IADLGLASFKMWSKL,HUMAN,PSP,TKL
Q60855,RIPK1,Q3UHC7,728,S,PSPARSSSYSEANEP,MOUSE,Uniprot,TKL
Q60855,RIPK1,Q8K1M6,622,S,PIPIMPASPQKGHAV,MOUSE,PSP,TKL
Q60855,RIPK1,Q60855,166,S,VASFKTWSKLTKEKD,MOUSE,PSP,TKL
O43353,RIPK2,O43353,181,S,SLSQSRSSKSAPEGG,HUMAN,PSP,TKL
O43353,RIPK2,O43353,180,S,MSLSQSRSSKSAPEG,HUMAN,PSP,TKL
O43353,RIPK2,O43353,174,S,LSKWRMMSLSQSRSS,HUMAN,PSP,TKL
O43353,RIPK2,O43353,176,S,KWRMMSLSQSRSSKS,HUMAN,PSP,TKL
O43353,RIPK2,O43353,178,S,RMMSLSQSRSSKSAP,HUMAN,PSP,TKL
O43353,RIPK2,O43353,474,Y,DLIMKEDYELVSTKP,HUMAN,PSP,TKL
Q9Y572,RIPK3,Q8NB16,357,T,FELRKTQTSMSLGTT,HUMAN,Uniprot,TKL
Q9Y572,RIPK3,Q8NB16,358,S,ELRKTQTSMSLGTTR,HUMAN,Uniprot,TKL
Q9Y572,RIPK3,Q8NB16,360,S,RKTQTSMSLGTTREK,HUMAN,Uniprot,TKL
Q9Y572,RIPK3,Q13546,161,S,IADLGLASFKMWSKL,HUMAN,Uniprot,TKL
Q9Y572,RIPK3,Q9D2Y4,349,T,TQNSISRTAKSTKAE,HUMAN,PSP,TKL
Q9Y572,RIPK3,Q9UER7,668,S,KKICTLPSPPSPLAS,HUMAN,PSP,TKL
Q9Y572,RIPK3,Q9Y572,227,S,VELPTEPSLVYEAVC,HUMAN,PSP,TKL
Q9Y572,RIPK3,P09622,135,T,STAVKALTGGIAHLF,HUMAN,PSP,TKL
Q9Y572,RIPK3,Q9QZL0,232,S,AELVDKTSLIRETVC,HUMAN,PSP,TKL
Q9Y572,RIPK3,Q9D2Y4,345,S,ELSKTQNSISRTAKS,HUMAN,PSP,TKL
Q9Y572,RIPK3,Q9QZL0,231,T,EAELVDKTSLIRETV,HUMAN,PSP,TKL
Q9Y572,RIPK3,Q9D2Y4,347,S,SKTQNSISRTAKSTK,HUMAN,PSP,TKL
Q9Y572,RIPK3,Q9Y572,182,T,GSGEPGGTLGYLAPE,HUMAN,PSP,TKL
Q9Y572,RIPK3,Q9Y572,199,S,VNVNRKASTASDVYS,HOMO SAPIENS,GPS,TKL
Q9QZL0,RIPK3,Q9D2Y4,345,S,ELSKTQNSISRTAKS,MOUSE,Uniprot,TKL
Q9QZL0,RIPK3,Q9D2Y4,347,S,SKTQNSISRTAKSTK,MOUSE,Uniprot,TKL
Q9QZL0,RIPK3,Q9D2Y4,349,T,TQNSISRTAKSTKAE,MOUSE,Uniprot,TKL
Q9QZL0,RIPK3,Q9D2Y4,352,S,SISRTAKSTKAERSS,MOUSE,Uniprot,TKL
Q9QZL0,RIPK3,Q60855,161,S,IADLGVASFKTWSKL,MOUSE,Uniprot,TKL
Q9QZL0,RIPK3,Q9QZL0,232,S,AELVDKTSLIRETVC,MOUSE,PSP,TKL
Q9QZL0,RIPK3,Q6PHZ2,287,T,SMMHRQETVDCLKKF,MOUSE,PSP,TKL
Q9QZL0,RIPK3,Q9QZL0,231,T,EAELVDKTSLIRETV,MOUSE,PSP,TKL
Q9Z2P5,RIPK3,Q9Z2P5,201,S,LDNDGKASKASDVYS,RATTUS NORVEGICUS,GPS,TKL
Q9ERK0,ANKRD3,P97431,90,S,LRCALNKSREFNLMY,MOUSE,PSP,TKL
Q9ERK0,ANKRD3,P97431,424,S,GSVRLQISTPDIKDN,MOUSE,PSP,TKL
Q9ERK0,ANKRD3,P97431,413,S,FSGDFTRSFDSGSVR,MOUSE,PSP,TKL
Q15569,TESK1,P23528,3,S,*****MASGVAVSDG,HUMAN,PSP,TKL
Q63572,TESK1,P60981,3,S,*****MASGVQVADE,RAT,PSP,TKL
Q63572,TESK1,Q63572,215,S,EPLAVVGSPYWMAPE,RAT,PSP,TKL
Q63572,TESK1,P18760,3,S,*****MASGVAVSDG,RAT,PSP,TKL
Q63572,TESK1,P23528,3,S,*****MASGVAVSDG,RAT,PSP,TKL
Q96S53,TESK2,P23528,3,S,*****MASGVAVSDG,HUMAN,PhosphoELM,TKL
Q924U5,TESK2,P45592,3,S,*****MASGVAVSDG,RAT,PSP,TKL
O46680,TGFBR1,P68103,300,S,EMHHEALSEALPGDN,BOVIN,Uniprot,TKL
O46680,TGFBR1,Q1W668,465,S,SPSVRCSSMS*****,BOVIN,Uniprot,TKL
O46680,TGFBR1,Q1W668,467,S,SVRCSSMS*******,BOVIN,Uniprot,TKL
P36897,TGFBR1,P68104,300,S,EMHHEALSEALPGDN,HUMAN,Uniprot,TKL
P36897,TGFBR1,P17813,646,S,STNHSIGSTQSTPCS,HUMAN,Uniprot,TKL
P36897,TGFBR1,P17813,649,S,HSIGSTQSTPCSTSS,HUMAN,Uniprot,TKL
P36897,TGFBR1,Q15796,465,S,SPSVRCSSMS*****,HUMAN,Uniprot,TKL
P36897,TGFBR1,Q15796,467,S,SVRCSSMS*******,HUMAN,Uniprot,TKL
P36897,TGFBR1,P84022,422,S,GSPSIRCSSVS****,HUMAN,Uniprot,TKL
P36897,TGFBR1,P84022,423,S,SPSIRCSSVS*****,HUMAN,Uniprot,TKL
P36897,TGFBR1,P84022,425,S,SIRCSSVS*******,HUMAN,Uniprot,TKL
P36897,TGFBR1,Q9H3D4-2,68,S,TFDALSPSPAIPSNT,HUMAN,PSP,TKL
P36897,TGFBR1,Q9H3D4-2,66,S,SSTFDALSPSPAIPS,HUMAN,PSP,TKL
P36897,TGFBR1,Q96FW1,18,S,QEPLGSDSEGVNCLA,HUMAN,PSP,TKL
P36897,TGFBR1,Q03167,831,S,SPPASENSSAAHSIG,HUMAN,PSP,TKL
P36897,TGFBR1,Q15796,464,S,GSPSVRCSSMS****,HUMAN,PSP,TKL
P36897,TGFR1,Q15796,464,S,GSPSVRCSSMS****,HUMAN,PhosphoELM,TKL
P36897,TGFR1,Q15796,465,S,SPSVRCSSMS*****,HUMAN,PhosphoELM,TKL
P36897,TGFR1,Q15796,467,S,SVRCSSMS*******,HUMAN,PhosphoELM,TKL
Q64729,TGFBR1,P10126,300,S,EMHHEALSEALPGDN,MOUSE,Uniprot,TKL
Q64729,TGFBR1,Q63961,641,S,STNHSIGSTQSTPCS,MOUSE,Uniprot,TKL
Q64729,TGFBR1,Q63961,644,S,HSIGSTQSTPCSTSS,MOUSE,Uniprot,TKL
Q64729,TGFBR1,Q62432,465,S,SPSVRCSSMS*****,MOUSE,Uniprot,TKL
Q64729,TGFBR1,Q62432,467,S,SVRCSSMS*******,MOUSE,Uniprot,TKL
Q64729,TGFBR1,Q8BUN5,422,S,GSPSIRCSSVS****,MOUSE,Uniprot,TKL
Q64729,TGFBR1,Q8BUN5,423,S,SPSIRCSSVS*****,MOUSE,Uniprot,TKL
Q64729,TGFBR1,Q8BUN5,425,S,SIRCSSVS*******,MOUSE,Uniprot,TKL
Q5CD18,TGFBR1,P37176,641,S,STNHSIGSTQSTPCS,PIG,Uniprot,TKL
Q5CD18,TGFBR1,P37176,644,S,HSIGSTQSTPCSTSS,PIG,Uniprot,TKL
Q5CD18,TGFBR1,P84024,422,S,GSPSIRCSSVS****,PIG,Uniprot,TKL
Q5CD18,TGFBR1,P84024,423,S,SPSIRCSSVS*****,PIG,Uniprot,TKL
Q5CD18,TGFBR1,P84024,425,S,SIRCSSVS*******,PIG,Uniprot,TKL
P80204,TGFBR1,P62630,300,S,EMHHEALSEALPGDN,RAT,Uniprot,TKL
P80204,TGFBR1,O70436,465,S,SPSVRCSSMS*****,RAT,Uniprot,TKL
P80204,TGFBR1,O70436,467,S,SVRCSSMS*******,RAT,Uniprot,TKL
P80204,TGFBR1,P84025,422,S,GSPSIRCSSVS****,RAT,Uniprot,TKL
P80204,TGFBR1,P84025,423,S,SPSIRCSSVS*****,RAT,Uniprot,TKL
P80204,TGFBR1,P84025,425,S,SIRCSSVS*******,RAT,Uniprot,TKL
P37173,TGFBR2,P36897,185,T,KDLIYDMTTSGSGSG,HUMAN,Uniprot,TKL
P37173,TGFBR2,P36897,186,T,DLIYDMTTSGSGSGL,HUMAN,Uniprot,TKL
P37173,TGFBR2,P36897,187,S,LIYDMTTSGSGSGLP,HUMAN,Uniprot,TKL
P37173,TGFBR2,P36897,189,S,YDMTTSGSGSGLPLL,HUMAN,Uniprot,TKL
P37173,TGFBR2,P36897,191,S,MTTSGSGSGLPLLVQ,HUMAN,Uniprot,TKL
P37173,TGFBR2,O75604,207,S,ENYGRKGSASQVPSQ,HUMAN,PSP,TKL
P37173,TGFBR2,P37173,213,S,TRKLMEFSEHCAIIL,HUMAN,PSP,TKL
P37173,TGFBR2,O75604,225,S,SRVPEIISPTYRPIG,HUMAN,PSP,TKL
P37173,TGFBR2,P17813,634,S,VAVAAPASSESSSTN,HUMAN,PSP,TKL
P37173,TGFBR2,P37173,259,Y,KGRFAEVYKAKLKQN,HUMAN,PSP,TKL
P37173,TGFBR2,P37173,416,S,SVDDLANSGQVGTAR,HUMAN,PSP,TKL
P37173,TGFBR2,P37173,424,Y,GQVGTARYMAPEVLE,HUMAN,PSP,TKL
P37173,TGFBR2,P37173,409,S,LRLDPTLSVDDLANS,HUMAN,PSP,TKL
P37173,TGFBR2,P17813,635,S,AVAAPASSESSSTNH,HUMAN,PSP,TKL
P37173,TGFBR2,P37173,336,Y,AKGNLQEYLTRHVIS,HUMAN,PSP,TKL
P37173,TGFBR2,P36897,200,T,LPLLVQRTIARTIVL,HUMAN,PSP,TKL
P37173,TGFR2,P37173,424,Y,GQVGTARYMAPEVLE,HUMAN,PhosphoELM,TKL
P37173,TGFR2,P37173,213,S,TRKLMEFSEHCAIIL,HUMAN,PhosphoELM,TKL
P37173,TGFR2,P37173,259,Y,KGRFAEVYKAKLKQN,HUMAN,PhosphoELM,TKL
P37173,TGFR2,P37173,416,S,SVDDLANSGQVGTAR,HUMAN,PhosphoELM,TKL
P37173,TGFR2,P37173,336,Y,AKGNLQEYLTRHVIS,HUMAN,PhosphoELM,TKL
P37173,TGFR2,P37173,409,S,LRLDPTLSVDDLANS,HUMAN,PhosphoELM,TKL
Q62312,TGFBR2,Q64729,185,T,KDLIYDMTTSGSGSG,MOUSE,Uniprot,TKL
Q62312,TGFBR2,Q64729,186,T,DLIYDMTTSGSGSGL,MOUSE,Uniprot,TKL
Q62312,TGFBR2,Q64729,187,S,LIYDMTTSGSGSGLP,MOUSE,Uniprot,TKL
Q62312,TGFBR2,Q64729,189,S,YDMTTSGSGSGLPLL,MOUSE,Uniprot,TKL
Q62312,TGFBR2,Q64729,191,S,MTTSGSGSGLPLLVQ,MOUSE,Uniprot,TKL
Q62312,TGFBR2,Q64729,165,S,VPNEEDPSLDRPFIS,MOUSE,PSP,TKL
P38551,TGFBR2,Q5CD18,185,T,KDLIYDMTTSGSGSG,PIG,Uniprot,TKL
P38551,TGFBR2,Q5CD18,186,T,DLIYDMTTSGSGSGL,PIG,Uniprot,TKL
P38551,TGFBR2,Q5CD18,187,S,LIYDMTTSGSGSGLP,PIG,Uniprot,TKL
P38551,TGFBR2,Q5CD18,189,S,YDMTTSGSGSGLPLL,PIG,Uniprot,TKL
P38551,TGFBR2,Q5CD18,191,S,MTTSGSGSGLPLLVQ,PIG,Uniprot,TKL
P38438,TGFBR2,P80204,183,T,KDLIYDMTTSGSGSG,RAT,Uniprot,TKL
P38438,TGFBR2,P80204,184,T,DLIYDMTTSGSGSGL,RAT,Uniprot,TKL
P38438,TGFBR2,P80204,185,S,LIYDMTTSGSGSGLP,RAT,Uniprot,TKL
P38438,TGFBR2,P80204,187,S,YDMTTSGSGSGLPLL,RAT,Uniprot,TKL
P38438,TGFBR2,P80204,189,S,MTTSGSGSGLPLLVQ,RAT,Uniprot,TKL
Q59H18,TNNI3K,P23693,43,S,AKKKSKISASRKLQL,HUMAN,PSP,TKL
Q59H18,TNNI3K,P23693,144,T,RGKFKRPTLRRVRIS,HUMAN,PSP,TKL
Q7TQP6,TNNI3K,P23693,43,S,AKKKSKISASRKLQL,RAT,PSP,TKL
Q7TQP6,TNNI3K,P23693,144,T,RGKFKRPTLRRVRIS,RAT,PSP,TKL
