KIN_ACC,KINASE,SUB_ACC,POSITION,CODE,PEPTIDE,KIN_ORGANISM,SOURCE,Family,Group,Group_Family
P11362,FGFR1,Q8WU20,306,Y,PSVNKLVYENINGLS,HUMAN,Uniprot,FGFR,TK,TK_FGFR
P11362,FGFR1,Q8WU20,349,Y,RRTALLNYENLPSLP,HUMAN,Uniprot,FGFR,TK,TK_FGFR
P11362,FGFR1,Q15118,136,Y,AEDAKAIYDFTDTVI,HUMAN,Uniprot,FGFR,TK,TK_FGFR
P11362,FGFR1,Q15118,243,Y,ARRLCDLYYINSPEL,HUMAN,Uniprot,FGFR,TK,TK_FGFR
P11362,FGFR1,Q15118,244,Y,RRLCDLYYINSPELE,HUMAN,Uniprot,FGFR,TK,TK_FGFR
P11362,FGFR1,P52480,105,Y,FASDPILYRPVAVAL,HUMAN,PSP,FGFR,TK,TK_FGFR
P11362,FGFR1,Q9UBW7,680,Y,KLHCIVTYCEYCQEE,HUMAN,PSP,FGFR,TK,TK_FGFR
P11362,FGFR1,Q9UBW7,683,Y,CIVTYCEYCQEEKTL,HUMAN,PSP,FGFR,TK,TK_FGFR
P11362,FGFR1,Q9UBW7,557,Y,QCIGPNGYMEPYCST,HUMAN,PSP,FGFR,TK,TK_FGFR
P11362,FGFR1,Q9CZA6,279,Y,ASCRNFMYDQSPSRT,HUMAN,PSP,FGFR,TK,TK_FGFR
P11362,FGFR1,Q9UBW7,502,Y,CQSCVSEYKQVGSHP,HUMAN,PSP,FGFR,TK,TK_FGFR
P11362,FGFR1,Q9CZA6,90,Y,EMQHSEGYRQISALE,HUMAN,PSP,FGFR,TK,TK_FGFR
P11362,FGFR1,P00338,83,Y,KIVSGKDYNVTANSK,HUMAN,PSP,FGFR,TK,TK_FGFR
P11362,FGFR1,Q9UBW7,729,Y,LRCVTCNYCSQLCKK,HUMAN,PSP,FGFR,TK,TK_FGFR
P11362,FGFR1,P16144,1564,Y,LQGYSVEYQLLNGGE,HUMAN,PSP,FGFR,TK,TK_FGFR
P11362,FGFR1,Q9UBW7,595,Y,KRNSLPQYQATMPDG,HUMAN,PSP,FGFR,TK,TK_FGFR
P11362,FGFR1,P11362,154,Y,NRMPVAPYWTSPEKM,HUMAN,PSP,FGFR,TK,TK_FGFR
P11362,FGFR1,Q9P0J1,381,Y,DQLNDNEYTKFIPPN,HUMAN,PSP,FGFR,TK,TK_FGFR
P11362,FGFR1,P00338,10,Y,TLKDQLIYNLLKEEQ,HUMAN,PSP,FGFR,TK,TK_FGFR
P11362,FGFR1,P24752,407,Y,HALKQGEYGLASICN,HUMAN,PSP,FGFR,TK,TK_FGFR
P11362,FGFR1,Q9UBW7,605,Y,TMPDGKLYNFCNSSC,HUMAN,PSP,FGFR,TK,TK_FGFR
P11362,FGFR1,P11362,280,Y,VEFMCKVYSDPQPHI,HUMAN,PhosphoELM,FGFR,TK,TK_FGFR
P11362,FGFR1,P11362,307,Y,IGPDNLPYVQILKTA,HUMAN,PhosphoELM,FGFR,TK,TK_FGFR
P11362,FGFR1,P51812,707,Y,KGAMAATYSALNRNQ,HUMAN,PhosphoELM,FGFR,TK,TK_FGFR
P11362,FGFR1,P56945,128,Y,SKAQQGLYQVPGPSP,HUMAN,PhosphoELM,FGFR,TK,TK_FGFR
P11362,FGFR1,P56945,327,Y,PLLREETYDVPPAFA,HUMAN,PhosphoELM,FGFR,TK,TK_FGFR
P11362,FGFR1,P56945,306,Y,PSNHHAVYDVPPSVS,HUMAN,PhosphoELM,FGFR,TK,TK_FGFR
P11362,FGFR1,P56945,249,Y,APGPQDIYDVPPVRG,HUMAN,PhosphoELM,FGFR,TK,TK_FGFR
P11362,FGFR1,P56945,410,Y,GVVDSGVYAVPPPAE,HUMAN,PhosphoELM,FGFR,TK,TK_FGFR
P11362,FGFR1,Q14247,446,Y,GTEPEPVYSMEAADY,HUMAN,PhosphoELM,FGFR,TK,TK_FGFR
P11362,FGFR1,O60506,373,Y,RVKKLKDYAFIHFDE,HUMAN,PhosphoELM,FGFR,TK,TK_FGFR
P16092,FGFR1,Q8C180,196,Y,AEEQVHTYVNTTGVQ,MOUSE,Uniprot,FGFR,TK,TK_FGFR
P16092,FGFR1,Q8C180,306,Y,PPVNKLVYENINGLS,MOUSE,Uniprot,FGFR,TK,TK_FGFR
P16092,FGFR1,Q8C180,349,Y,RRPALLNYENLPSLP,MOUSE,Uniprot,FGFR,TK,TK_FGFR
P16092,FGFR1,Q8C180,392,Y,NLDPMHNYVNTENVT,MOUSE,Uniprot,FGFR,TK,TK_FGFR
P16092,FGFR1,Q8C180,436,Y,LEHRQLNYIQVDLEG,MOUSE,Uniprot,FGFR,TK,TK_FGFR
P16092,FGFR1,Q8C180,471,Y,PTRRTELYAVIDIER,MOUSE,Uniprot,FGFR,TK,TK_FGFR
P16092,FGFR1,Q8R173,18,Y,DIERKPEYLQPEKCA,MOUSE,Uniprot,FGFR,TK,TK_FGFR
P16092,FGFR1,P11362,583,Y,RRPPGLEYCYNPSHN,MOUSE,PSP,FGFR,TK,TK_FGFR
P16092,FGFR1,P11362,585,Y,PPGLEYCYNPSHNPE,MOUSE,PSP,FGFR,TK,TK_FGFR
P16092,FGFR1,Q99K10,782,Y,RTACPPDYTLAMRRS,MOUSE,PSP,FGFR,TK,TK_FGFR
P16092,FGFR1,P11362,463,Y,MLAGVSEYELPEDPR,MOUSE,PSP,FGFR,TK,TK_FGFR
P16092,FGFR1,P22607,599,Y,KDLVSCAYQVARGME,MOUSE,PSP,FGFR,TK,TK_FGFR
Q04589,FGFR1,Q63065,136,Y,AEDAKTIYEFTDTVI,RAT,Uniprot,FGFR,TK,TK_FGFR
Q04589,FGFR1,Q63065,241,Y,ARRLCDLYYVNSPEL,RAT,Uniprot,FGFR,TK,TK_FGFR
Q04589,FGFR1,Q63065,242,Y,RRLCDLYYVNSPELE,RAT,Uniprot,FGFR,TK,TK_FGFR
P21802,FGFR2,Q8CHT1,177,Y,IEQIGLLYQEYRDKS,HUMAN,PSP,FGFR,TK,TK_FGFR
P21802,FGFR2,P62993,160,Y,QVPQQPTYVQALFDF,HUMAN,PSP,FGFR,TK,TK_FGFR
P21802,FGFR2,Q9UIH8,466,Y,MLAGVSEYELPEDPK,HOMO SAPIENS,GPS,FGFR,TK,TK_FGFR
P21802,FGFR2,Q9UIH8,656,Y,RDINNIDYYKKTTNG,HOMO SAPIENS,GPS,FGFR,TK,TK_FGFR
P21802,FGFR2,Q9UIH8,769,Y,TLTTNEEYLDLSQPL,HOMO SAPIENS,GPS,FGFR,TK,TK_FGFR
P21802,FGFR2,Q9UIH8,588,Y,PPGMEYSYDINRVPE,HOMO SAPIENS,GPS,FGFR,TK,TK_FGFR
P21802,FGFR2,Q9UIH8,657,Y,DINNIDYYKKTTNGR,HOMO SAPIENS,GPS,FGFR,TK,TK_FGFR
P21802,FGFR2,Q9UIH8,586,Y,RRPPGMEYSYDINRV,HOMO SAPIENS,GPS,FGFR,TK,TK_FGFR
P21803,FGFR2,Q62077,771,Y,IGTAEPDYGALYEGR,MOUSE,PSP,FGFR,TK,TK_FGFR
P22607,FGFR3,P22607,724,Y,ANCTHDLYMIMRECW,HUMAN,PSP,FGFR,TK,TK_FGFR
P22607,FGFR3,P35222,142,Y,AVVNLINYQDDAELA,HUMAN,PSP,FGFR,TK,TK_FGFR
P22607,FGFR3,Q9UPZ9,156,Y,EIRSKPPYTDYVSTR,HUMAN,PSP,FGFR,TK,TK_FGFR
P22607,FGFR3,P60484,240,Y,RREDKFMYFEFPQPL,HUMAN,PSP,FGFR,TK,TK_FGFR
P22607,FGFR3,P22607,648,Y,DVHNLDYYKKTTNGR,HUMAN,PSP,FGFR,TK,TK_FGFR
P22607,FGFR3,Q9UPZ9,15,Y,RQLGDGTYGSVLLGR,HUMAN,PSP,FGFR,TK,TK_FGFR
P22607,FGFR3,P42224,701,Y,DGPKGTGYIKTELIS,HUMAN,PSP,FGFR,TK,TK_FGFR
P22607,FGFR3,P22607,770,Y,LSAPFEQYSPGGQDT,HUMAN,PhosphoELM,FGFR,TK,TK_FGFR
P22607,FGFR3,P22607,760,Y,TVTSTDEYLDLSAPF,HUMAN,PhosphoELM,FGFR,TK,TK_FGFR
P22607,FGFR3,P22607,577,Y,RRPPGLDYSFDTCKP,HUMAN,PhosphoELM,FGFR,TK,TK_FGFR
Q61851,FGFR3,P18654,529,Y,TITKTVEYLHAQGVV,MOUSE,Uniprot,FGFR,TK,TK_FGFR
Q61851,FGFR3,Q61851,641,Y,RDVHNLDYYKKTTNG,MUS MUSCULUS,GPS,FGFR,TK,TK_FGFR
P22455,FGFR4,P22455,754,Y,LLAVSEEYLDLRLTF,HUMAN,PSP,FGFR,TK,TK_FGFR
P22455,FGFR4,Q13043,433,Y,KIPQDGDYEFLKSWT,HUMAN,PSP,FGFR,TK,TK_FGFR
P22455,FGFR4,P22455,643,Y,GVHHIDYYKKTSNGR,HOMO SAPIENS,GPS,FGFR,TK,TK_FGFR
P22455,FGFR4,P22455,642,Y,RGVHHIDYYKKTSNG,HOMO SAPIENS,GPS,FGFR,TK,TK_FGFR
Q90Z00,FGFR1,A1YB07,103,Y,HTEELPTYEEAKAHS,DANRE,Uniprot,FGFR,TK,TK_FGFR
Q63827,FGFR1,Q63827,683,Y,LSMPLDQYSPSFPDT,RAT,PSP,FGFR,TK,TK_FGFR
Q63827,FGFR1,Q63827,560,Y,RDIHHIDYYKKTTNG,RAT,PSP,FGFR,TK,TK_FGFR
Q63827,FGFR1,Q63827,584,Y,EALFDRIYTHQSDVW,RAT,PSP,FGFR,TK,TK_FGFR
Q63827,FGFR1,Q63827,673,Y,ALTSNQEYLDLSMPL,RAT,PSP,FGFR,TK,TK_FGFR
Q63827,FGFR1,Q63827,561,Y,DIHHIDYYKKTTNGR,RAT,PSP,FGFR,TK,TK_FGFR
Q63827,FGFR1,Q63827,637,Y,SNCTNELYMMMRDCW,RAT,PSP,FGFR,TK,TK_FGFR
Q63827,FGFR1,Q63827,608,Y,FTLGGSPYPGVPVEE,RAT,PSP,FGFR,TK,TK_FGFR
,FGFR1,F1MRK3,107,Y,KGEELPTYEEAKAHS,BOVIN,Uniprot,FGFR,TK,TK_FGFR
,FGFR_GROUP,P51812,488,Y,DVYDDGKYVYVVTEL,HUMAN,PhosphoELM,FGFR,TK,TK_FGFR
